employee_id,age,gender,department,role,experience_years,gross_salary,tax_amount,deductions,bonus,net_salary,work_hours_per_week,leave_taken,performance_score,productivity_score,feedback_score,suggestions_score,promotion_eligible,job_satisfaction,remote_work_frequency,training_hours
E1000,42,Male,Finance,Associate,24,2519110,534813.54,248703.36,100373,1835966.1,48,1,3.94,68.04,5.06,7.28,No,2.67,Rarely,59
E1001,35,Female,HR,Manager,15,2529084,598156.74,206023.92,93362,1818265.34,41,28,3.8,12.78,2.05,1.81,No,3.99,Never,91
E1002,41,Male,Operations,Associate,2,2656330,520221.49,141904.71,100517,2094720.8,44,18,4.41,7.82,5.08,5.48,No,4.85,Always,56
E1003,35,Male,Finance,Senior Analyst,29,1992743,578977.8,107027.36,75450,1382187.84,52,22,1.46,48.87,8.68,3.37,Yes,2.84,Rarely,2
E1004,42,Male,Marketing,Executive,9,410268,58962.75,32413.87,20382,339273.38,43,18,3.82,22.79,6.23,7.52,Yes,1.95,Sometimes,17
E1005,48,Other,Sales,Manager,5,1032180,125335.58,40360.48,145509,1011992.94,40,24,3.01,26.14,1.71,2.71,No,4.77,Sometimes,51
E1006,34,Male,Engineering,Associate,17,2534489,677088.18,73089.41,71929,1856240.41,55,15,4.32,87.89,2.73,9.03,No,3.41,Never,59
E1007,47,Other,Marketing,Executive,17,1870006,198031.69,90451.77,108864,1690386.54,39,21,3.03,9.87,5.27,4.88,Yes,1.42,Sometimes,33
E1008,48,Male,Engineering,Executive,4,2303274,669805.06,98992.69,153401,1687877.25,56,18,3.48,71.82,4.25,2.78,Yes,3.29,Sometimes,95
E1009,46,Male,Operations,Manager,20,1436074,76167.38,62763.11,35169,1332312.51,40,8,2.91,27.84,4.23,4.94,Yes,3,Rarely,92
E1010,22,Female,HR,Associate,28,2572355,752335.91,99520.87,97468,1817966.22,35,0,2.91,76.27,5.76,4.68,Yes,4.42,Always,88
E1011,45,Other,HR,Executive,6,1539911,93611.16,35983.8,44594,1454910.04,31,9,4.07,72.52,6.26,4.86,No,3.12,Often,59
E1012,23,Male,HR,Executive,27,578167,157715.74,12390.07,55033,463094.19,40,18,3.51,1.73,8.17,6.27,Yes,2.02,Sometimes,25
E1013,28,Other,Engineering,Analyst,1,2438242,443577.85,241429.34,73133,1826367.81,48,0,3.53,51.4,4.07,5.69,No,3.7,Sometimes,71
E1014,53,Other,Marketing,Executive,10,629365,187702.57,34125.34,83861,491398.09,35,1,2.8,14.79,8.25,2.35,No,3.17,Often,18
E1015,55,Female,HR,Analyst,29,1087201,74417.97,55171.25,193362,1150973.78,43,15,3.12,86.76,4.05,1.59,Yes,1.93,Sometimes,21
E1016,26,Female,Marketing,Associate,12,1670455,314819.91,124234.72,41750,1273150.37,49,11,3.98,87.29,1.5,7.56,Yes,3.29,Rarely,92
E1017,59,Female,Engineering,Associate,22,2066891,604205.22,77426.38,50461,1435720.4,35,7,4.3,42.42,5.99,6.04,Yes,4.29,Rarely,32
E1018,43,Female,Operations,Associate,4,627069,113358.06,60196.68,88222,541736.26,46,22,3.79,45,6.29,4.23,Yes,1.11,Often,37
E1019,45,Female,Marketing,Senior Analyst,29,2125573,440736.84,176226.16,122020,1630630,39,17,4.7,31.03,9.41,8.28,No,3.52,Sometimes,34
E1020,39,Female,Operations,Associate,5,1091743,244481.84,29643.97,34226,851843.19,57,1,4.28,71.94,7.53,4.49,No,2.4,Sometimes,66
E1021,25,Female,Engineering,Executive,23,403355,66003.1,21541.76,16721,332531.14,30,24,3.25,36.51,9.26,8.16,No,2.17,Always,82
E1022,31,Female,Engineering,Manager,25,1562752,323317.01,141162.55,197226,1295498.44,32,28,3.69,27.51,9.18,3.75,Yes,2.57,Sometimes,9
E1023,32,Male,Sales,Analyst,28,2581931,506261.36,246777.25,30609,1859501.39,37,12,4.71,43.79,6.44,1.66,No,2.37,Rarely,90
E1024,30,Other,Engineering,Senior Analyst,13,1696025,466897.88,97338.47,193202,1324990.65,37,5,3.48,10.06,5.75,9.39,Yes,4.33,Never,14
E1025,28,Female,Engineering,Associate,11,1770485,108639.78,122292.55,140513,1680065.67,56,20,4.3,74.91,6.02,4.55,No,2.1,Never,10
E1026,44,Female,Finance,Associate,3,1289436,155042.81,43019.09,114211,1205585.1,49,25,3.76,2.25,9.8,8.13,Yes,3.93,Never,89
E1027,48,Other,HR,Manager,28,1607371,462284.51,159601.48,196321,1181806.01,51,5,3.21,64.8,7.96,3.51,No,1.38,Never,23
E1028,56,Male,Sales,Manager,22,2883384,785912.29,111107.56,189967,2176331.15,44,8,1.97,19.1,1.96,6.82,No,4.81,Sometimes,76
E1029,57,Other,Sales,Senior Analyst,5,1217040,199490.12,116128.18,146728,1048149.7,53,15,2.7,24.01,8.01,8.86,Yes,3.49,Sometimes,95
E1030,41,Other,Sales,Analyst,9,1848762,379057.5,133058.6,134865,1471510.9,36,10,4.87,63.93,2.53,1.37,No,3.83,Always,3
E1031,28,Female,Finance,Associate,17,2553882,304793.8,175244.68,84520,2158363.52,40,6,3.63,99.3,5.03,8.48,No,2.19,Sometimes,12
E1032,29,Other,Operations,Senior Analyst,14,2219486,215357.37,135422.12,74309,1943015.51,36,9,3.26,77.99,2.89,6.14,Yes,2.65,Never,72
E1033,35,Other,Engineering,Executive,7,954811,158426.63,36715.91,39984,799652.46,58,9,4.73,23.36,7.21,6.47,Yes,1.9,Often,56
E1034,38,Female,HR,Executive,25,827035,114410.41,28220.29,128947,813351.3,33,29,3.35,18.43,8.9,5.71,Yes,4.73,Often,97
E1035,40,Female,Marketing,Senior Analyst,8,948143,185754.51,35687.06,15901,742602.43,54,24,3.1,86.76,3.61,8.87,Yes,2.95,Rarely,36
E1036,26,Female,Operations,Associate,4,1800942,125045.99,62880,172624,1785640.01,41,19,4.04,44.97,1.74,1.39,Yes,3.52,Rarely,47
E1037,32,Female,Engineering,Senior Analyst,9,365725,107376.39,30123.58,41055,269280.03,55,17,3.85,14.57,3.69,3.35,No,3.94,Sometimes,70
E1038,22,Other,Finance,Associate,19,384654,114070.18,18467.25,178757,430873.57,35,27,1.77,86.36,7.05,8.88,Yes,2.48,Often,0
E1039,27,Other,Engineering,Manager,5,1253277,281411.35,30864.97,155788,1096788.68,43,23,2.89,81.79,3.96,7.77,No,3.88,Never,59
E1040,36,Male,Engineering,Senior Analyst,15,2254354,414855.45,219863.11,124099,1743734.44,41,19,2.89,98.41,3.5,1.16,No,3.7,Never,11
E1041,23,Male,Finance,Associate,23,2988875,380728.59,271099.54,21138,2358184.87,40,28,2.51,91.06,2.66,5.65,Yes,3.82,Never,20
E1042,23,Other,Sales,Senior Analyst,26,2716182,688412.95,255919.16,176370,1948219.89,48,8,3.07,85.33,5.48,5.77,No,2.96,Sometimes,10
E1043,47,Male,Sales,Senior Analyst,2,2952991,653150.8,294096.13,192184,2197928.07,50,14,2.65,6.2,3.48,4.61,No,2.53,Sometimes,43
E1044,58,Other,HR,Associate,9,2670690,242109.36,90567.42,33429,2371442.22,34,3,1.8,11.34,7.58,3.68,Yes,1.89,Always,57
E1045,53,Male,HR,Associate,10,2728388,757760.1,141055.92,60200,1889771.98,43,7,2.65,57.33,1.69,7.14,No,4.3,Never,43
E1046,48,Female,Sales,Analyst,10,828178,211710.71,66800.07,189316,738983.22,50,8,1.29,53.62,6.98,2.87,Yes,3.43,Never,77
E1047,21,Male,Operations,Senior Analyst,16,2963046,851727.51,224248.21,111268,1998338.28,53,12,3.3,46.34,3.14,8.19,Yes,2.78,Sometimes,97
E1048,28,Female,Marketing,Executive,3,2886644,668055.67,93272.3,27347,2152663.03,45,8,4.41,40.28,5.4,8.23,Yes,4.78,Sometimes,33
E1049,57,Female,Engineering,Senior Analyst,3,1605416,326467.44,136888.44,157992,1300052.12,54,25,3.9,43.69,3.57,4.74,No,1.19,Always,24
E1050,52,Female,Marketing,Senior Analyst,16,2870406,443652.13,108946.97,41822,2359628.9,42,3,2.44,57.36,7.5,3.55,No,4.4,Always,3
E1051,57,Female,Engineering,Associate,8,2746609,777790.56,104111.34,187731,2052438.1,54,16,1.35,1.21,9.51,3.55,No,4.99,Rarely,63
E1052,24,Male,Sales,Senior Analyst,18,1765689,470584.32,111164.17,50108,1234048.51,58,15,1.81,26.81,9.25,5.34,No,4.55,Often,89
E1053,50,Other,HR,Senior Analyst,4,368148,22569.19,24826.13,138955,459707.68,51,14,3.18,52.31,6.25,7.48,Yes,4.24,Never,15
E1054,26,Female,Operations,Executive,21,2125665,120295.09,141158.82,17967,1882178.09,51,2,1.83,72.5,5.16,4.23,No,2.5,Never,9
E1055,39,Male,HR,Associate,23,2969995,428023.33,81137.14,120719,2581553.53,54,24,3.18,18.24,8.36,6.49,Yes,1.93,Always,65
E1056,52,Female,Marketing,Senior Analyst,5,556508,140595.25,50195.28,21871,387588.47,49,19,1.93,55.14,7.15,4.44,No,3.94,Always,34
E1057,29,Male,HR,Manager,2,1103591,327566.81,45520.93,174685,905188.26,51,4,4.4,71.73,2.65,3.74,No,2.22,Rarely,82
E1058,32,Male,Sales,Analyst,21,1196942,104857.17,36340.59,38179,1093923.24,33,22,2.59,45.02,8.39,1.22,No,1.7,Often,5
E1059,31,Male,Operations,Executive,0,2503682,497062.69,228085.05,193260,1971794.26,40,4,1.98,3.68,4.86,1.04,No,4.15,Rarely,18
E1060,36,Other,Marketing,Senior Analyst,19,904365,131334.34,87227.92,65099,750901.74,46,19,4.25,45.48,2.7,3.04,No,2.25,Often,58
E1061,21,Male,Operations,Manager,21,2170928,634949.98,193147.92,45262,1388092.1,36,14,2.37,30.35,3.54,4.66,Yes,4.66,Never,52
E1062,41,Male,Engineering,Senior Analyst,15,2857489,744460.84,242204.44,88213,1959036.72,43,17,1.45,93.04,3.41,8.66,No,4.36,Rarely,7
E1063,50,Other,HR,Senior Analyst,22,2073415,538221.58,150155.38,127407,1512445.04,55,14,3.28,13.34,5.67,8.19,No,4.39,Always,77
E1064,33,Other,Operations,Associate,10,2355555,393785.88,150917.09,159340,1970192.03,40,1,3.33,65.6,3.11,3.4,No,4.09,Rarely,9
E1065,54,Male,Finance,Associate,12,1105889,169980.53,29813.6,96269,1002363.87,57,28,3.86,6.22,2.11,3.2,No,4.52,Rarely,66
E1066,24,Other,HR,Associate,26,1808349,214021.3,95257.06,70545,1569615.64,51,12,1.96,45.17,2.11,3.05,Yes,4.22,Never,37
E1067,48,Female,Engineering,Manager,9,2605413,166991.01,129788.86,49922,2358555.13,38,3,2.78,55.84,6.25,4.05,No,3.41,Always,28
E1068,58,Female,Operations,Senior Analyst,2,1663715,442848.65,67846.8,52913,1205932.55,52,9,2.13,30.5,7.61,5.48,Yes,2.18,Always,14
E1069,51,Other,Marketing,Analyst,8,1520405,385004.94,118399.42,107033,1124033.64,42,12,1.32,46.05,3.89,4.95,No,4.55,Sometimes,86
E1070,47,Other,Engineering,Executive,27,571836,171510.44,34121.49,114792,480996.07,52,9,4.51,17.19,1.31,2.96,Yes,4.36,Sometimes,22
E1071,25,Male,Finance,Associate,11,2395505,716637.38,63441.83,196749,1812174.79,47,28,3.92,31.11,2.15,2.17,Yes,2.89,Sometimes,81
E1072,45,Other,Operations,Associate,22,2599435,490923.9,97776.85,190913,2201647.25,57,8,2.21,62.49,9.23,1.11,Yes,1.16,Never,45
E1073,23,Male,Sales,Senior Analyst,13,496769,120340.73,37089.12,187404,526743.15,40,7,3.4,30.88,5.44,2.39,Yes,3.55,Rarely,82
E1074,53,Female,HR,Senior Analyst,0,2958505,846698.78,77188.78,129863,2164480.44,44,2,1.81,90.07,5.08,7.35,Yes,1.2,Always,27
E1075,24,Other,Marketing,Manager,17,1571741,412443.46,138464.96,166104,1186936.58,54,15,4.56,63.21,1.34,3.19,No,4.71,Always,25
E1076,45,Male,Sales,Manager,16,1346797,150621.77,80284.89,178918,1294808.34,55,13,1.46,44.43,7.56,5.22,Yes,4.85,Rarely,9
E1077,40,Male,Operations,Associate,26,1884398,306471.02,110137.27,54936,1522725.71,54,8,1.02,4.84,5.75,6.32,No,1.76,Always,46
E1078,54,Female,Operations,Senior Analyst,8,2885031,237408.78,194429.81,170866,2624058.41,51,29,3.01,50.46,2.82,8.98,Yes,3.71,Rarely,3
E1079,46,Other,Engineering,Analyst,8,864685,249472.65,74340.84,191403,732274.51,58,20,3.33,76.71,1.99,9,Yes,1.37,Never,54
E1080,25,Female,Operations,Executive,22,1702107,343048.87,81402.82,38141,1315796.31,48,10,3.32,27.29,4.45,7.71,No,3.92,Never,65
E1081,55,Male,Marketing,Senior Analyst,9,1611736,172714.76,119657.36,150146,1469509.88,30,2,1.22,80.87,8.53,1.32,Yes,2.39,Never,66
E1082,48,Male,Sales,Senior Analyst,18,1307293,284892.05,85312.05,147478,1084566.9,33,4,2.26,25.93,8.79,6.18,Yes,3.72,Rarely,6
E1083,49,Other,Marketing,Manager,28,879879,179963.46,36393.79,107359,770880.75,43,28,3,82.55,6.43,8.08,Yes,2.49,Rarely,54
E1084,29,Male,Finance,Executive,14,323247,45106.11,29186.1,133279,382233.79,43,9,1.87,9.44,7.55,1.16,Yes,1.58,Often,79
E1085,58,Other,Finance,Associate,4,1372876,107618.92,115038.88,164363,1314581.2,32,12,4.49,86.75,2.04,5.95,No,2.62,Always,30
E1086,26,Female,HR,Senior Analyst,14,2930708,638581.63,212992.56,51568,2130701.81,59,3,1.35,50.42,6.29,8.72,Yes,1.45,Always,73
E1087,39,Other,HR,Associate,19,1622905,292247.74,142891.17,107539,1295305.09,57,23,2.95,30.36,7,5.27,Yes,3.31,Often,18
E1088,31,Other,Finance,Senior Analyst,22,2067640,502601.1,184812.97,56851,1437076.93,46,12,3.77,27.25,2.81,1.04,No,1.16,Often,27
E1089,22,Male,Operations,Associate,29,2829467,509419.72,216932.51,64823,2167937.77,32,11,2.05,43.77,8.92,1.1,No,3.11,Never,80
E1090,29,Male,Marketing,Executive,24,2913740,766445.83,253381.94,33312,1927224.23,45,4,3.5,99.91,2.75,4.75,Yes,4.55,Often,27
E1091,41,Other,Finance,Manager,27,1585160,297973.16,120151.51,184180,1351215.33,43,9,4.32,22.81,3.82,2.4,Yes,4.35,Rarely,18
E1092,44,Male,HR,Executive,1,1910908,363520.61,142193.08,175243,1580437.31,59,27,1.76,11.22,6.59,6.98,No,4.53,Sometimes,86
E1093,54,Male,Finance,Analyst,12,2186222,588450.95,151918.18,182851,1628703.87,49,23,4.67,58.92,6.75,7.38,Yes,4.69,Rarely,19
E1094,42,Male,Operations,Manager,23,1278732,192923.21,102576.47,108723,1091955.32,58,8,3.21,49.37,7.29,2.6,No,1.42,Often,12
E1095,23,Other,Finance,Executive,15,1725472,144083.48,56402.93,22411,1547396.59,42,19,2.2,52.9,2.01,9,Yes,1.51,Always,76
E1096,32,Male,Marketing,Analyst,14,348984,19960.37,31572.46,67009,364460.17,44,6,2.72,67.03,8.65,4.98,No,3.23,Rarely,42
E1097,48,Other,Sales,Senior Analyst,24,2700070,644734.36,242324.48,156494,1969505.16,43,1,2.25,27.45,5.8,2.29,No,4.58,Always,10
E1098,50,Male,Operations,Senior Analyst,9,2661864,545888.12,59465.46,183540,2240050.42,53,21,3.9,91.16,5.24,7.88,No,4.9,Rarely,47
E1099,46,Female,HR,Associate,13,1804384,407826.77,155294.92,42371,1283633.31,54,23,4.19,44.13,9.83,8.11,Yes,1.19,Always,14
E1100,41,Male,Marketing,Manager,9,2333643,240927.73,70731.76,67022,2089005.51,48,27,4.33,13.78,7.66,6.75,Yes,2.42,Rarely,16
E1101,48,Male,Finance,Senior Analyst,24,2530919,212832.24,118471.07,81229,2280844.69,35,22,4.94,74.49,2.06,8.68,Yes,1.85,Always,53
E1102,46,Other,Finance,Manager,13,2052126,110068.17,163104.33,109071,1888024.5,39,6,4.17,64.67,7.81,7.64,Yes,4.02,Sometimes,49
E1103,53,Other,Sales,Senior Analyst,25,436330,60059.47,14338.15,192268,554200.38,56,7,3.41,32.26,1.86,8.94,No,3.56,Never,27
E1104,41,Male,HR,Associate,29,2877906,568327.21,245880.7,106774,2170472.09,44,6,2.36,62.53,1.25,4.9,No,1.48,Rarely,82
E1105,55,Female,HR,Executive,22,2037095,301614.35,176352.81,36715,1595842.84,50,20,3.18,22.77,4.63,7.73,No,2.93,Sometimes,3
E1106,54,Male,Engineering,Associate,8,2411138,384260,146108.74,37605,1918374.26,51,22,1.16,45.04,9.94,10,Yes,3.74,Never,21
E1107,38,Male,HR,Analyst,24,886146,244611.45,18175.63,109853,733211.92,49,28,3.98,90.04,2.57,7.52,Yes,4.12,Rarely,85
E1108,31,Female,Sales,Senior Analyst,13,2409818,330298.97,103533.13,41174,2017159.9,55,13,2.78,14.22,7.05,2.03,Yes,1.08,Sometimes,38
E1109,43,Other,Engineering,Analyst,2,2531785,451916.97,175589.81,151028,2055306.22,35,25,1.08,39.28,2.56,5.66,No,4.56,Sometimes,33
E1110,42,Male,Engineering,Analyst,19,588998,144842.41,58013.3,86373,472515.29,52,18,1.25,82.29,7.52,6.29,Yes,3.28,Sometimes,96
E1111,37,Other,Finance,Manager,15,2143400,319657.45,151206.33,79252,1751788.22,54,4,2.55,96.98,5.55,2.57,Yes,4.25,Often,43
E1112,25,Other,Finance,Senior Analyst,1,1379111,283437.2,56246.06,80017,1119444.74,39,22,3.33,45.94,7.12,9.67,No,4.23,Always,41
E1113,31,Female,HR,Analyst,9,1296107,344234.26,91661.28,73037,933248.46,36,24,2.86,51.19,2.83,2.58,No,1.76,Never,39
E1114,50,Female,Engineering,Executive,2,651279,187164.66,41160.07,99818,522772.27,51,17,3.48,57.65,7.71,2.6,Yes,1.44,Always,96
E1115,35,Other,Finance,Analyst,10,2170230,188307.32,178800.11,16548,1819670.57,46,19,2.92,93.3,9.96,9.24,No,3.89,Always,11
E1116,47,Male,Sales,Executive,10,789570,222379.95,22548.9,126981,671622.15,47,11,3.65,85.96,6.99,5.19,Yes,1.63,Always,1
E1117,55,Other,Finance,Manager,20,2350731,406744.81,190132.37,164249,1918102.82,46,22,1.88,17.89,5.44,1.57,No,4.4,Sometimes,27
E1118,53,Male,Operations,Analyst,20,1621685,185782.01,102654.81,34022,1367270.18,38,16,1.45,44.24,9.31,6.38,No,3.9,Always,73
E1119,40,Male,Operations,Associate,21,2421690,399055.62,234999.25,116297,1903932.13,39,12,3.39,46.94,1.14,6.42,No,4.37,Often,85
E1120,36,Female,Finance,Manager,12,2598816,766671.88,123053.35,146614,1855704.77,39,1,2.94,79.12,7.57,1.58,Yes,2.2,Rarely,80
E1121,54,Male,Engineering,Executive,6,791234,137005.75,55868.84,70428,668787.41,54,24,1.11,60.69,9,9.75,Yes,2.27,Sometimes,89
E1122,22,Male,Engineering,Manager,22,2248260,297192.77,212600.52,163812,1902278.71,36,12,2.52,65.77,1.56,5.9,Yes,3.68,Never,66
E1123,55,Other,Marketing,Analyst,16,439182,91503.66,12385.27,69353,404646.07,45,25,1.42,99.82,5.05,6.04,No,1.13,Rarely,70
E1124,48,Female,Operations,Senior Analyst,29,1821101,200387.41,172965.04,123132,1570880.55,58,6,3.13,8.42,2.84,5.68,No,3.91,Rarely,71
E1125,59,Male,Sales,Senior Analyst,1,1506914,103925.58,113065.05,197604,1487527.37,47,27,2.58,23.08,6.1,6.5,No,4.34,Rarely,83
E1126,26,Male,Engineering,Executive,11,484064,39799.71,12308.28,26052,458008.01,35,9,3.45,41.38,6.85,3.38,No,2.66,Always,75
E1127,29,Female,HR,Executive,24,514020,42155.53,22656.5,110689,559896.97,56,22,4.22,35.43,3.72,3.59,Yes,4.06,Always,98
E1128,40,Other,Operations,Senior Analyst,9,2272990,199967.83,174233.25,188148,2086936.92,49,5,2.2,3.14,5.14,5.6,Yes,1.7,Sometimes,80
E1129,21,Female,Sales,Executive,17,1197421,101429.69,30400.18,194492,1260083.13,30,2,4.85,10.09,3.51,8.26,Yes,2.29,Always,91
E1130,28,Female,Sales,Manager,21,1994490,419279.07,132780.45,141743,1584173.48,30,25,3.14,68.41,4.32,1.45,No,4.9,Always,9
E1131,43,Male,Engineering,Associate,26,1467752,140126.31,69968.68,10163,1267820.01,41,2,3.47,88.05,2.44,6.43,No,4.95,Always,85
E1132,23,Male,Sales,Associate,10,2616121,356882.91,182273.63,51424,2128388.46,50,17,3.72,51.91,8.97,8.26,Yes,3.05,Sometimes,56
E1133,24,Other,Engineering,Manager,15,422409,115823.32,9993.93,194816,491407.75,57,10,3.67,54.38,1.09,2.41,No,4.74,Sometimes,96
E1134,45,Male,Finance,Associate,16,2316716,390344.43,207862.58,151706,1870214.99,31,21,3.04,26.25,8.94,1.14,Yes,3.09,Often,85
E1135,58,Male,Operations,Analyst,18,2650770,574924.01,259455.03,145870,1962260.96,33,19,2.72,77.02,6.15,3.81,No,2.17,Often,36
E1136,35,Female,Marketing,Manager,17,1069598,99558.15,104296.75,32420,898163.1,46,4,1.22,75.43,3.98,6.29,No,2.07,Often,76
E1137,41,Male,Finance,Executive,2,1398591,137162.97,111848.32,130575,1280154.71,33,18,1.09,59.25,7.51,2.24,Yes,4.72,Often,90
E1138,55,Other,Operations,Manager,20,1174371,70717.28,35708.98,39300,1107244.74,40,21,2.43,22.05,5.57,4.84,Yes,1.69,Rarely,63
E1139,34,Female,Engineering,Senior Analyst,26,1759933,162325.25,141958.05,99881,1555530.7,51,26,2.33,10.6,5.49,5.97,No,3.32,Rarely,78
E1140,56,Other,Operations,Executive,25,1454454,174021.91,31949.92,20749,1269231.17,55,27,2.55,7.36,1.99,6.39,Yes,3.22,Often,85
E1141,32,Female,Engineering,Senior Analyst,15,1273548,120035.24,27724.99,114131,1239918.77,33,18,1.55,59.68,4.51,3.47,Yes,3.96,Often,93
E1142,37,Male,Finance,Executive,5,1513475,109236.02,69451.58,166193,1500980.4,30,29,3.95,82.68,3.17,4.6,No,3,Never,39
E1143,59,Female,HR,Associate,24,2321900,186121.11,137204.45,138563,2137137.44,36,14,4.43,85.97,1.14,8.01,No,2.09,Rarely,97
E1144,29,Female,HR,Manager,11,1299238,214627.22,106060.17,47487,1026037.61,59,29,4.75,46.9,4.24,9.47,No,1.68,Never,59
E1145,55,Male,Operations,Analyst,10,2228434,226371.97,166382.97,174433,2010112.06,47,15,2.97,78.64,1.81,8.76,Yes,3.48,Never,97
E1146,33,Male,HR,Executive,14,679989,95924.32,37856.49,31223,577431.19,38,23,3.8,94.74,3.31,6.08,No,3.88,Always,47
E1147,35,Other,Engineering,Executive,14,2812667,494619.64,117823,82930,2283154.36,58,8,4.42,28.24,1.83,4.69,No,3.28,Sometimes,98
E1148,38,Other,Sales,Senior Analyst,15,343585,76481.58,34279.46,155128,387951.96,32,3,2.67,40.4,1.91,4,No,3.95,Rarely,18
E1149,53,Male,Engineering,Associate,9,1719945,102900.93,93039.57,38380,1562384.5,37,14,2.24,93.22,2.79,2.12,No,1.57,Often,71
E1150,26,Male,Sales,Senior Analyst,11,2461196,614936.22,138100.08,36035,1744194.7,58,24,4.75,34.48,10,1.96,No,4.53,Often,32
E1151,47,Male,Finance,Senior Analyst,27,2839448,587695.03,93957.07,40620,2198415.9,53,11,3.06,91.47,1.02,7.2,Yes,3.33,Sometimes,43
E1152,43,Female,Marketing,Associate,12,409556,28849.03,34232.64,160949,507423.33,48,22,2.99,98.12,6.75,3.34,No,1.51,Rarely,91
E1153,47,Female,Sales,Analyst,3,1875557,503389.48,141594.38,196388,1426961.14,33,2,1.71,66.52,2.27,3.29,No,2.85,Often,36
E1154,54,Female,HR,Senior Analyst,6,2361083,661618.19,88922.09,127360,1737902.72,47,22,1.43,81.87,9.29,9.98,Yes,4.38,Often,88
E1155,58,Male,Engineering,Senior Analyst,21,500235,32650.08,13301.49,63352,517635.43,49,13,4.37,75.21,1.84,2.69,No,4.59,Always,35
E1156,34,Other,Finance,Executive,1,2423091,288879.48,180374.76,171983,2125819.76,56,16,3.46,70.25,9.6,2.33,No,2.06,Never,80
E1157,56,Male,HR,Associate,25,2309021,580834.97,167082.83,173856,1734959.2,40,18,2.3,31.39,6.5,1.89,Yes,3.85,Often,87
E1158,28,Female,Finance,Manager,26,1501482,355948.71,62853.18,13191,1095871.11,56,5,1.77,6.65,1.01,6.22,No,1.4,Rarely,20
E1159,55,Female,Marketing,Analyst,26,842335,80973.88,80922.35,174232,854670.77,43,3,3.22,34.96,9.05,6.65,Yes,1.13,Sometimes,1
E1160,39,Male,Engineering,Analyst,26,375766,38454.89,12056.31,100536,425790.8,54,6,3.34,67.03,5.7,4.29,No,3.24,Always,30
E1161,50,Male,Operations,Associate,14,2806075,400196.88,153174.61,114576,2367279.51,47,29,1.83,11.15,3.36,5.82,Yes,3.78,Rarely,96
E1162,34,Female,Engineering,Executive,7,2965702,507522.8,283192.73,190795,2365781.47,57,18,4.41,2.18,7.91,8.1,Yes,4.18,Always,29
E1163,40,Female,Marketing,Executive,6,2784413,569589.81,149183.8,13631,2079270.39,57,16,1.34,14.83,9.34,8.36,No,2.36,Never,75
E1164,45,Female,Engineering,Associate,14,2001240,284633.18,142252.29,147244,1721598.53,58,24,2.42,71.86,5.35,9.62,Yes,1.03,Often,43
E1165,44,Male,Operations,Executive,22,1284346,212730.95,66538.82,52080,1057156.23,45,15,3.72,97.31,3.84,8.42,Yes,2.92,Rarely,11
E1166,34,Female,Sales,Analyst,13,1803165,427111.61,75619.72,100353,1400786.67,32,14,2.1,98.32,8.1,6.08,No,1.06,Sometimes,50
E1167,46,Female,Finance,Analyst,7,2535000,149997.98,250250.67,161353,2296104.35,44,21,4.31,49.9,7.14,2.62,No,1.37,Never,48
E1168,58,Other,Operations,Manager,27,427948,48404.87,22572.85,38671,395641.28,56,7,3.96,87.07,9,1.9,Yes,2.31,Never,23
E1169,43,Male,HR,Associate,11,1927880,440207.1,176454.88,132811,1444029.02,56,18,4.16,73.95,7.23,1.49,No,2.75,Always,23
E1170,42,Other,Marketing,Senior Analyst,12,702690,192397.72,26980.74,192503,675814.54,33,7,1.48,50.6,3.19,7,Yes,2.12,Never,59
E1171,39,Other,Sales,Senior Analyst,29,799046,142165.75,29603.36,137734,765010.89,34,17,1.56,57.7,9.38,8.27,Yes,3.33,Rarely,10
E1172,23,Female,HR,Manager,10,2848421,521341.86,64063.06,169674,2432690.08,46,27,2.15,14.59,1.94,5.58,No,1.22,Always,12
E1173,39,Male,HR,Manager,16,321959,24724.2,23223.98,61399,335409.82,36,15,3.07,93.83,3.41,1.49,No,1.58,Never,90
E1174,29,Female,Marketing,Executive,28,2098792,339695.97,103852.65,164544,1819787.38,45,19,3.99,35.84,5.68,5.82,Yes,3.78,Sometimes,71
E1175,48,Male,Sales,Manager,16,2254109,412849.79,200950.8,190302,1830610.41,43,18,4.35,45.17,6.09,9.42,No,1.57,Rarely,73
E1176,40,Other,HR,Manager,23,2138756,236584.11,123741.56,17099,1795529.33,55,9,3.82,67.49,1.14,6.38,No,3.56,Sometimes,71
E1177,27,Male,HR,Senior Analyst,3,528576,62007.68,51512.62,166503,581558.7,45,16,4.71,34.06,8.03,8.28,Yes,1.22,Sometimes,63
E1178,34,Female,Sales,Executive,20,2562990,369893.38,89299.8,66492,2170288.82,36,12,3.95,26.17,4.25,8.2,Yes,2.63,Always,19
E1179,29,Female,Engineering,Manager,7,1684250,92663.73,150723.29,106722,1547584.98,38,12,2.23,63.47,4.66,9.39,Yes,1.71,Often,71
E1180,39,Female,HR,Manager,4,361087,47129,29655.26,188756,473058.74,33,6,2.06,3.47,8.28,7.93,Yes,1.44,Always,72
E1181,34,Male,Finance,Executive,25,1313343,135093.09,107265.64,40111,1111095.27,59,26,3.78,72.35,4.41,7.73,Yes,3.27,Rarely,70
E1182,58,Other,Sales,Associate,15,2382263,314159.36,208644.93,73936,1933394.71,59,9,1.77,51.89,1.43,3.11,Yes,4.71,Rarely,77
E1183,56,Other,HR,Executive,3,2515603,201098.64,203466.8,163686,2274723.56,51,1,1.37,60.97,2.59,1.54,No,1.22,Always,27
E1184,37,Male,Marketing,Senior Analyst,27,1796176,489694.73,125907.67,183063,1363636.6,40,3,3.13,63.56,9.6,5.66,Yes,2.69,Often,1
E1185,50,Female,Operations,Associate,21,2186013,433700.86,66672.5,70920,1756559.64,31,24,4.29,53.18,1.63,2.12,No,3.83,Always,42
E1186,29,Other,Finance,Analyst,28,739792,162588.22,16720.85,73530,634012.93,41,5,1.41,58.67,4.19,9.66,No,2.85,Rarely,7
E1187,53,Female,Operations,Executive,14,339353,83919.56,31786.46,177296,400942.98,41,23,4.17,68.7,5.53,3.61,Yes,4.23,Often,12
E1188,45,Male,Operations,Senior Analyst,11,2590227,452280.96,179585.68,17788,1976148.36,59,17,4.25,75.56,5.44,8.68,No,1.72,Rarely,84
E1189,34,Female,HR,Associate,4,365318,26204.29,30585.51,38082,346610.2,33,22,2.93,73.02,1.04,4.49,Yes,4.84,Often,91
E1190,31,Other,Finance,Executive,29,1065313,196312.3,62344.02,133287,939943.68,47,5,1.23,87.09,5.51,3.91,No,2.54,Often,34
E1191,55,Other,Finance,Manager,22,1831266,360228.85,53811.12,99570,1516796.03,55,28,1.7,19.75,4.45,9.42,Yes,2.37,Always,22
E1192,34,Female,Engineering,Executive,15,716880,169441.66,21517.06,111015,636936.28,50,29,3.83,40.71,9.75,4.27,Yes,4.5,Always,45
E1193,50,Male,Operations,Analyst,13,2988612,471946.32,223683.33,93588,2386570.35,36,24,3.85,94.83,2.43,4.51,Yes,3.26,Always,14
E1194,24,Female,Finance,Executive,9,1070746,87688.82,58274.79,157603,1082385.39,58,22,4.59,40.26,4.19,1.95,Yes,3.07,Often,1
E1195,24,Male,Engineering,Associate,6,1113168,134630.96,40120.78,98340,1036756.26,30,16,3.33,13.36,4.78,7.03,No,3.91,Often,60
E1196,48,Female,Sales,Associate,12,525281,73944.11,31163.64,104439,524612.25,55,13,1.5,53.02,4.52,3.6,No,3.32,Rarely,75
E1197,28,Other,Engineering,Executive,19,1700804,359684.86,42752.63,185929,1484295.51,55,23,1.49,11.84,6.99,6.27,No,1.65,Sometimes,63
E1198,22,Male,Marketing,Associate,27,1780415,343076.31,118500.35,151214,1470052.34,52,10,3.88,21.08,2.94,6.32,No,3.7,Always,51
E1199,42,Male,HR,Manager,28,569536,79179.28,23646.83,125053,591762.89,55,25,1.74,99.83,2.99,7.47,No,1.53,Rarely,35
E1200,36,Male,Sales,Executive,4,2714976,805340.11,227527.83,58355,1740463.06,42,18,2.31,54.59,7.56,7.71,Yes,4.22,Rarely,66
E1201,49,Other,Sales,Manager,28,1606002,323518.99,71995.39,150938,1361425.62,35,29,2.95,29.12,5.5,5.63,Yes,4.96,Never,68
E1202,50,Female,Marketing,Manager,2,477789,52225.54,26955.71,135426,534033.75,35,1,1.1,99.48,4.74,3.98,Yes,2.51,Always,66
E1203,32,Other,Engineering,Senior Analyst,14,1861729,140459.3,38965.32,74027,1756331.38,41,27,2,96.69,2.52,8.54,Yes,2.78,Rarely,46
E1204,55,Male,HR,Executive,3,1137291,100325.88,29337.28,198978,1206605.84,37,2,2.63,44.63,2.69,3.79,Yes,1.19,Never,82
E1205,31,Female,Engineering,Associate,14,2522809,281266.54,129671.08,169210,2281081.38,53,10,2.12,26.78,1.09,5.57,No,1.05,Always,1
E1206,41,Other,Finance,Manager,13,1583743,142806.65,92482.84,102601,1451054.51,51,5,1.55,84,1.82,4.61,Yes,4.69,Often,43
E1207,41,Male,Engineering,Senior Analyst,19,981669,94870.22,66755.11,39956,859999.67,48,28,3.91,71.85,6.01,8.7,Yes,1.51,Never,63
E1208,25,Male,Sales,Executive,18,1419043,172092.73,61491.4,114797,1300255.87,34,13,4.25,69.01,9.03,4.89,No,2.78,Often,80
E1209,40,Other,HR,Executive,12,2506903,234002.85,189518.23,134917,2218298.92,47,18,2.03,89.42,3.58,4.47,No,4.26,Sometimes,77
E1210,57,Other,Engineering,Analyst,9,1729626,474248.5,153607.72,136303,1238072.78,59,25,4.1,69.25,3.95,7.21,Yes,4.56,Sometimes,27
E1211,23,Other,HR,Analyst,20,2041093,142995.78,168161.73,146511,1876446.49,34,15,2.54,29.1,2.04,6.42,Yes,3.08,Sometimes,90
E1212,53,Male,HR,Manager,4,2858231,517705.23,66223.8,188313,2462614.97,59,20,3.03,69.69,4.5,1.97,No,3.26,Sometimes,53
E1213,29,Other,Finance,Analyst,26,2765604,422028.98,161623.43,52533,2234484.59,54,21,4.42,31.28,1.33,5.57,Yes,3.68,Rarely,73
E1214,29,Male,Finance,Manager,22,2318163,685236.59,65822.88,169342,1736445.53,39,23,4,76.16,9.26,7.62,Yes,4.85,Sometimes,66
E1215,24,Other,Sales,Associate,19,406081,31678.27,15984.81,88815,447232.92,30,6,4.22,62.36,7.06,9.93,Yes,3.41,Rarely,35
E1216,55,Male,Marketing,Manager,28,1961909,293234.57,194097.56,49279,1523855.87,39,29,1.55,8.66,9.92,6.66,No,3.24,Rarely,62
E1217,37,Male,HR,Analyst,19,2956138,864279,92821.68,119787,2118824.32,34,26,1.28,51.77,8.95,4.33,Yes,1.06,Always,24
E1218,54,Female,Marketing,Associate,24,410078,109235.26,24568.2,164960,441234.54,41,7,4.57,34.99,5.26,3.04,Yes,1.32,Rarely,85
E1219,44,Other,Sales,Analyst,5,2215631,563364.1,153881.02,158702,1657087.88,51,18,2.55,33.53,5.68,8.86,No,3.31,Rarely,47
E1220,52,Other,HR,Manager,3,2419823,277010.95,184383.73,71063,2029491.32,59,19,2.15,60.62,2.72,8.33,No,4.74,Sometimes,38
E1221,21,Male,HR,Senior Analyst,1,1766976,163837.37,114450.38,137896,1626584.25,56,15,3.9,32.91,5.16,3.11,No,4.47,Rarely,46
E1222,28,Male,Operations,Executive,21,1704104,370064.6,35414.12,176216,1474841.28,36,21,4.35,77.91,9.13,2.81,Yes,4.93,Often,93
E1223,43,Male,Marketing,Analyst,15,2308187,651702.74,106446.44,193233,1743270.82,38,26,4.45,8.01,1.46,7.44,No,3.11,Sometimes,20
E1224,32,Female,Engineering,Manager,17,1959066,370637.11,120319.82,192051,1660160.07,51,6,2.26,66.38,8.77,3.83,Yes,4.15,Never,29
E1225,32,Female,Finance,Associate,4,2448815,472384.18,66189.8,107661,2017902.02,50,8,4.41,81.11,4.07,3.76,No,4.36,Sometimes,91
E1226,35,Male,Engineering,Analyst,21,611955,73431.4,29404.53,148051,657170.07,41,12,1.16,67.61,9.1,2.37,Yes,3.59,Rarely,30
E1227,39,Other,Marketing,Analyst,3,2509699,608283.86,56860.36,167261,2011815.78,52,0,1.2,50.23,9.47,3.38,No,2.35,Often,25
E1228,46,Other,Finance,Executive,29,1210681,117146.63,31824.3,183672,1245382.07,58,28,3.49,95.08,7.04,4.85,Yes,2.88,Sometimes,21
E1229,49,Female,Engineering,Manager,12,1907618,249744.98,98726.6,133257,1692403.42,30,7,1.25,30.69,6.98,7.6,Yes,4.43,Often,20
E1230,42,Female,Operations,Senior Analyst,18,442483,69186.25,13547.62,96205,455954.13,40,23,2.3,2.9,5.07,4.03,No,2.19,Never,0
E1231,41,Male,Finance,Associate,22,2333350,412775.67,152608.72,16910,1784875.61,59,21,3.69,43.77,8.52,3.96,No,4.69,Never,36
E1232,58,Other,HR,Manager,1,2611987,288892.12,196309.62,198785,2325570.26,50,3,2.35,4.27,9.65,3.56,Yes,1.92,Always,76
E1233,40,Male,Engineering,Associate,12,701896,55245.68,58992.21,56857,644515.11,44,2,1.72,95.44,7.98,5.3,No,4,Always,84
E1234,49,Female,Finance,Analyst,10,2482048,502999.46,89383.56,44964,1934628.98,31,26,2.13,21.78,6.6,2.63,Yes,3.52,Sometimes,45
E1235,24,Other,Operations,Executive,29,777095,94928.09,25953.89,166299,822512.02,49,2,2.83,79.1,6.46,5.37,No,4,Always,8
E1236,27,Other,Finance,Executive,21,371295,72517.46,10531.94,147050,435295.6,36,21,2.9,77.68,8.65,7.34,No,2.75,Often,16
E1237,48,Female,Finance,Senior Analyst,28,1043974,92486.37,74032.81,27153,904607.82,50,12,4.13,22.56,5.87,1.27,Yes,4.73,Always,46
E1238,48,Male,Operations,Executive,3,1187121,202148.93,90836.19,69765,963900.88,41,7,4,62.5,8.23,1.09,No,3.53,Often,84
E1239,24,Male,Engineering,Analyst,21,1356731,248481.7,30562.93,118212,1195898.37,51,6,2.83,5.76,5.58,1.68,No,2.15,Always,94
E1240,42,Other,Sales,Senior Analyst,19,1125816,70876.74,106836.54,49071,997173.72,47,26,4.38,48.87,1.56,5.82,Yes,3.55,Always,58
E1241,32,Female,Engineering,Manager,19,674705,90512.4,16299.32,122990,690883.28,32,0,1.46,2.45,4.46,8.69,Yes,2.15,Always,53
E1242,23,Other,Marketing,Executive,14,2156926,180326.93,136541.41,79519,1919576.66,36,26,2.02,92.19,5,1.04,No,2.17,Rarely,85
E1243,42,Female,Operations,Senior Analyst,3,1958845,128977.69,150292.07,19503,1699078.24,40,15,4.31,97.63,2.27,9.43,Yes,2.6,Rarely,11
E1244,22,Male,Engineering,Analyst,8,2326793,692197.78,208661.05,105457,1531391.17,47,5,2.51,23.01,1.92,1.96,No,4.41,Always,63
E1245,44,Female,Finance,Associate,6,854594,111600.12,65912.23,198938,876019.65,41,6,4.92,21.6,5.82,8.58,No,3,Often,5
E1246,54,Male,Operations,Associate,18,447718,113034.74,37670.21,157977,454990.05,35,11,2.87,75.62,1.77,5.35,Yes,3.72,Sometimes,52
E1247,47,Female,HR,Analyst,18,945263,107438.75,44574.84,55838,849087.41,34,22,4.17,26.08,3.73,6.93,Yes,2.57,Never,15
E1248,21,Other,Engineering,Analyst,5,2504664,551967.03,213362.33,135200,1874534.64,55,8,2.61,89.61,7.7,5.6,Yes,2.05,Rarely,89
E1249,28,Male,Operations,Associate,5,447443,107411.81,11816.61,199351,527565.58,30,26,2.7,57.82,9.68,5.29,Yes,4.82,Always,4
E1250,43,Other,Engineering,Senior Analyst,19,1819163,361849.14,166608.65,99489,1390194.21,41,10,2.53,35.73,7.46,8.51,Yes,3.41,Never,72
E1251,58,Other,Operations,Associate,14,673616,113096.12,42981.68,36806,554344.2,56,9,3.88,83.44,9.93,7.8,Yes,4.74,Rarely,45
E1252,26,Male,Finance,Analyst,14,986976,150968.07,84271.78,186072,937808.15,55,20,3.19,49.85,7.29,5.35,No,1.81,Sometimes,13
E1253,42,Male,HR,Executive,24,1714447,235251.39,96327,163240,1546108.61,40,0,4.78,91.25,3.64,2,No,1.59,Often,43
E1254,45,Other,HR,Manager,19,2772189,782817.07,198173.3,80119,1871317.63,33,17,2,92.87,7.05,2.04,Yes,4.42,Always,62
E1255,38,Other,Marketing,Executive,8,417796,107647.17,25950.23,48714,332912.6,56,3,1.4,17.38,7.32,8.21,No,3.72,Sometimes,93
E1256,37,Other,Operations,Executive,3,1541082,448850.5,121016.8,195165,1166379.7,47,4,2.57,1.23,4.35,5.76,No,1.75,Rarely,51
E1257,32,Other,Engineering,Analyst,17,1290198,104601.91,34229.47,65419,1216785.62,33,8,3.47,98.41,1.16,5.33,No,2.08,Always,25
E1258,26,Male,HR,Associate,17,998376,232338.94,24787.85,190217,931466.21,46,26,4.44,90.71,7.33,7.13,No,4.2,Never,52
E1259,46,Male,HR,Senior Analyst,4,2666696,758901.99,106049.86,115432,1917176.15,31,16,2.38,6.49,1.2,8.73,Yes,2.82,Often,28
E1260,47,Other,Sales,Executive,19,2777154,264685.73,90989.49,102949,2524427.78,58,2,3.62,83.47,6.68,6.66,No,3.68,Rarely,18
E1261,28,Female,Sales,Associate,22,998002,66490.95,89563.38,143533,985480.67,53,15,2.4,46.32,2.47,7.87,No,2.27,Often,46
E1262,39,Female,HR,Senior Analyst,29,1888015,444212.48,70870.64,155363,1528294.88,51,4,3.47,26.64,6.09,7.89,Yes,2.52,Always,7
E1263,21,Male,Operations,Executive,10,2988130,578556.59,293043.58,187876,2304405.83,31,15,4.54,88,5.54,4.21,Yes,4.96,Sometimes,22
E1264,49,Other,Marketing,Senior Analyst,4,1879159,489440.48,88229.64,86971,1388459.88,41,2,1.93,20.47,1.12,3.47,Yes,1.99,Often,34
E1265,55,Other,HR,Associate,21,1207317,102553.24,41736.26,103471,1166498.5,35,19,2.62,94.78,4.27,8.21,Yes,3.03,Never,94
E1266,34,Male,Finance,Manager,25,2785367,693046.18,231675.35,74946,1935591.47,39,14,4.97,21.36,6.41,4.39,No,4.38,Rarely,52
E1267,55,Female,Engineering,Associate,3,621184,62371.12,45157.98,108989,622643.9,54,29,4.47,61.75,8.64,9.13,Yes,1.96,Never,98
E1268,40,Female,Marketing,Analyst,28,2147191,195209.69,128521.53,94080,1917539.78,52,2,3.26,23.09,9,1.63,No,2.66,Often,95
E1269,33,Female,Finance,Senior Analyst,11,1771091,161286.97,114109.77,87794,1583488.26,54,19,3.07,55.02,5.35,1.52,No,3.46,Sometimes,57
E1270,58,Male,Marketing,Manager,1,968234,245586.43,75073.13,40841,688415.44,50,13,2.14,68.71,7.56,9.34,Yes,2.92,Sometimes,4
E1271,28,Female,Finance,Senior Analyst,12,678480,146754.75,25969.76,134447,640202.49,52,15,3.07,19.83,3.85,6.84,Yes,2.84,Never,15
E1272,40,Male,Engineering,Senior Analyst,9,2429863,439237.48,242273.65,130029,1878380.87,56,28,4.39,52.57,4.08,4.42,Yes,2.45,Always,16
E1273,53,Male,Engineering,Executive,8,1091971,152556.67,106995.09,189830,1022249.24,45,28,3.74,47.44,2.75,7.8,Yes,3.35,Always,31
E1274,46,Other,Sales,Analyst,9,801157,215751.69,57704.18,86272,613973.13,43,16,2.16,8.03,6.06,7.05,Yes,3.5,Sometimes,95
E1275,59,Female,Operations,Senior Analyst,6,484423,71748.51,17421.5,47643,442895.99,36,27,1.81,82.01,3.83,5.78,Yes,3.61,Never,51
E1276,41,Male,Finance,Associate,3,2913501,740465.87,216817.67,191480,2147697.46,57,23,2.06,34.23,1.76,1.89,No,1.28,Never,19
E1277,29,Female,Sales,Associate,18,2052290,327922.55,52899.57,53950,1725417.88,57,19,1.68,57.88,7.17,8.31,No,3.52,Never,65
E1278,44,Female,Finance,Executive,9,1212495,174885.56,27223.18,197921,1208307.26,48,22,1.38,51.96,7.37,8.79,No,4.81,Often,83
E1279,57,Other,Sales,Analyst,29,2085954,345579.89,84720.25,110500,1766153.86,52,17,2.68,51.81,4.24,2.55,No,3.16,Always,81
E1280,37,Female,Engineering,Analyst,2,433272,54308.25,24700.77,169116,523378.98,46,17,1.45,11.62,1.69,8.65,Yes,3.86,Always,0
E1281,44,Other,Marketing,Associate,24,1067836,252972.85,95530.53,135588,854920.62,38,21,1.69,42.92,4.84,8.9,Yes,3.23,Often,57
E1282,41,Male,Sales,Manager,20,1426081,250534.05,111481.78,25997,1090062.17,55,13,3.19,45.78,4.98,5.94,No,4.42,Rarely,92
E1283,59,Female,Finance,Executive,28,2400021,259329.89,190601.32,89751,2039840.79,42,17,1.66,73.63,7.02,6.91,No,4.72,Often,92
E1284,59,Male,Finance,Executive,18,1081474,297290.33,58442.28,108605,834346.39,51,14,1.26,84.16,3.84,4.44,No,1.74,Never,82
E1285,33,Female,Operations,Associate,20,2851503,416241.89,135944.83,164983,2464299.28,34,14,2.27,54.95,7.14,3.54,Yes,2.75,Often,43
E1286,31,Male,Engineering,Associate,1,1660828,308728.35,82515.09,65533,1335117.56,52,5,1.88,9.59,8.84,7.5,Yes,2.57,Never,5
E1287,39,Female,Finance,Manager,26,918467,254064.53,90939.22,92566,666029.25,34,26,3.06,24.45,3.14,8.76,Yes,2.62,Sometimes,49
E1288,31,Female,HR,Manager,19,1438848,296488.3,33393.84,155643,1264608.86,39,14,1.41,17.33,9.81,6.89,No,1.5,Never,71
E1289,33,Female,Marketing,Analyst,9,2435619,192960.72,217653.05,118255,2143260.23,50,17,4.01,13.34,4.48,5.6,No,4.25,Always,87
E1290,21,Female,Sales,Executive,1,1177844,335636.11,78084.03,199013,963136.86,56,3,4.62,37.22,3.41,2.43,Yes,1.14,Often,19
E1291,39,Female,Operations,Executive,1,780047,161412.8,42972.19,68005,643667.01,39,22,3.97,23.71,4.79,1.48,Yes,3.11,Never,13
E1292,32,Female,Marketing,Associate,27,2007923,268512.32,156659.38,199784,1782535.3,56,7,3.13,22.61,1.85,5.01,No,3.65,Rarely,4
E1293,28,Female,Engineering,Analyst,23,1407447,119376.87,82945.8,53541,1258665.33,36,14,4.44,6.41,2.13,1.44,No,1.83,Sometimes,40
E1294,28,Female,Operations,Executive,16,1239903,308123.7,111434.87,33387,853731.43,55,2,3.78,2.75,4.73,6.12,Yes,4.62,Rarely,39
E1295,32,Female,Sales,Analyst,15,428391,87827.95,39436.03,103980,405107.02,44,29,1.04,11.17,7.86,4.44,No,4.35,Rarely,33
E1296,53,Male,Sales,Analyst,15,2836582,520130.63,152431.32,189980,2354000.05,36,14,2.58,18.05,9.1,7.81,Yes,2.88,Rarely,79
E1297,46,Other,HR,Associate,13,1317026,360171.24,55507.67,95457,996804.09,58,12,4.4,43.67,6.98,3.75,Yes,2.64,Sometimes,44
E1298,59,Female,Engineering,Analyst,6,1959280,484234.69,132032.01,154129,1497142.3,56,8,2.38,51.54,1.95,6.34,No,1.95,Sometimes,70
E1299,48,Other,Operations,Manager,20,2205279,193885.31,205066.84,74028,1880354.85,44,1,1.14,14.92,7.05,5.84,No,3.92,Sometimes,79
E1300,25,Female,Operations,Manager,10,2653839,339507,97801.86,129246,2345776.14,32,23,3.98,43.05,6.72,1.04,No,1.53,Sometimes,70
E1301,28,Female,Finance,Senior Analyst,23,407450,45684.23,28455.22,65731,399041.55,48,7,4.21,34.83,8.25,1.65,Yes,3.72,Rarely,26
E1302,45,Male,HR,Associate,0,2569042,606259.42,181181.22,165930,1947531.36,39,28,1.64,19.16,8.43,3.61,No,4.37,Always,77
E1303,47,Male,HR,Senior Analyst,10,2835893,165568.25,223040.27,189761,2637045.48,57,29,3.15,1.68,8.81,8.94,No,1.91,Always,77
E1304,43,Other,Operations,Manager,22,2679126,515657.87,81781.43,54638,2136324.7,58,19,1.77,47.23,4.73,2.32,Yes,4.47,Sometimes,43
E1305,50,Male,Operations,Senior Analyst,20,2283509,549445.77,176437.6,187558,1745183.63,44,16,3.88,68.88,7.28,7.4,Yes,1.13,Often,32
E1306,43,Male,Marketing,Associate,3,416381,112086.19,38607.93,30567,296253.88,32,12,2.09,23.4,3.41,9.76,No,4.65,Never,32
E1307,40,Other,Marketing,Associate,6,1821701,246877.72,62620.33,170811,1683013.95,35,0,2.26,14.05,9.99,8.12,Yes,1.47,Often,43
E1308,38,Male,Marketing,Analyst,25,1920197,490253.8,74894.34,67804,1422852.86,41,1,4.38,88.82,2.58,3.19,Yes,3.58,Often,19
E1309,38,Female,HR,Executive,14,2531660,196603.49,247372.57,118821,2206504.94,44,29,2.91,28.23,1.09,9.18,Yes,2,Often,35
E1310,22,Other,Finance,Analyst,17,2078226,543691.09,71653.4,13754,1476635.51,35,14,3.68,23.14,2.34,1.84,No,4.35,Always,6
E1311,24,Other,Sales,Associate,11,2211221,181037.45,195363.16,37044,1871864.39,42,11,2.61,85.85,7.98,5.21,No,3.05,Never,31
E1312,50,Female,Marketing,Manager,16,1499386,223891.05,89036.88,77260,1263718.07,58,13,2.19,81.89,5.02,8.99,Yes,1.54,Often,66
E1313,53,Male,Finance,Manager,0,2314484,577056.04,92066.67,76912,1722273.29,48,24,3.5,45.39,5.03,6.77,Yes,3.28,Sometimes,38
E1314,56,Other,Engineering,Analyst,10,2757184,241196.68,247209.1,18706,2287484.22,32,28,1.62,49.43,9.6,4.72,Yes,2.63,Always,92
E1315,38,Other,Marketing,Associate,27,1718175,184382.25,95572.49,18894,1457114.26,37,1,2.49,22.56,9.28,3.64,No,3.65,Sometimes,23
E1316,57,Female,Sales,Manager,0,1029903,237457.67,63015.01,159109,888539.32,37,17,1.84,8.75,3.8,4.38,Yes,4.53,Sometimes,85
E1317,39,Female,Engineering,Associate,14,2442866,561881.49,119062.04,93986,1855908.47,52,21,3.78,57.77,2.88,5.58,Yes,2.64,Often,69
E1318,48,Male,Engineering,Manager,27,1815536,381783.45,122432.61,91942,1403261.94,55,6,4.78,10.74,8.64,3.87,No,2.16,Sometimes,87
E1319,40,Other,Sales,Associate,20,2060427,460478.88,68162.86,192684,1724469.26,49,28,4.98,45.48,9.15,9.72,Yes,1.06,Never,86
E1320,53,Male,Marketing,Senior Analyst,9,424123,78751.63,21751.79,39725,363344.58,44,22,2.8,94.11,5.87,9.4,No,3.3,Sometimes,53
E1321,32,Male,HR,Associate,6,1236093,139616.41,120584.56,146998,1122890.03,33,28,2.01,95.33,6.66,8.84,No,2.61,Often,37
E1322,35,Female,Sales,Associate,1,1431565,195299.82,58194.08,114555,1292626.1,48,24,2.77,24.69,3.31,4.8,No,2.5,Sometimes,73
E1323,59,Other,Sales,Analyst,9,478274,45627.07,34693.49,19496,417449.44,50,5,4.39,62.79,8.21,7.22,Yes,1.73,Always,79
E1324,22,Other,Sales,Senior Analyst,23,2809079,778431.3,129260.35,66447,1967834.35,32,13,1.82,47.93,6.69,9.13,Yes,2.72,Always,74
E1325,49,Other,Engineering,Executive,3,2231760,437085.62,182731.71,111604,1723546.67,42,7,4.81,87.69,5.53,8.65,No,4.94,Always,31
E1326,30,Female,Finance,Analyst,11,431373,64797.77,13143.89,170878,524309.34,37,26,2.37,27.87,1.54,4.73,Yes,2.19,Rarely,44
E1327,22,Female,HR,Executive,18,415294,68731.76,40526.75,98199,404234.49,52,21,4.94,1.37,9.24,2.01,No,3.4,Always,60
E1328,31,Female,Marketing,Manager,25,2320320,665516.12,130641.36,51321,1575483.52,45,1,4.35,17.09,6.54,1.68,Yes,4.11,Always,69
E1329,33,Female,Marketing,Executive,10,948307,83771.4,36874,163728,991389.6,42,16,4.23,35.6,2.73,6.19,No,4,Rarely,87
E1330,30,Female,Finance,Associate,7,2462878,484097.04,63738.64,65147,1980189.32,32,4,2.27,32.26,6.46,6.78,No,2.32,Always,96
E1331,34,Other,Sales,Executive,17,441564,77923.76,14828,101396,450208.24,45,13,1.04,79.34,7.1,8.65,Yes,3.44,Often,52
E1332,38,Male,HR,Analyst,10,1726388,350221.21,106314.28,190738,1460590.51,38,24,2.53,68.38,5.73,3.63,Yes,4.49,Always,50
E1333,29,Other,Marketing,Analyst,10,2367359,129086.28,111171.78,48787,2175887.94,57,23,2.21,30.66,7.46,2.51,Yes,1.06,Always,75
E1334,59,Male,Operations,Executive,12,2665398,714409.23,230052.29,31727,1752663.48,43,29,1.15,46.32,6.23,4.41,Yes,2.74,Rarely,55
E1335,48,Female,Marketing,Analyst,2,2515167,711866.64,137003.67,105081,1771377.69,42,28,3.02,10.46,9.53,4.18,No,1.9,Often,26
E1336,23,Male,Sales,Analyst,11,2651231,507136.2,105776.54,132721,2171039.26,50,19,2.61,89.92,1.48,2.19,No,2.55,Sometimes,37
E1337,40,Other,Operations,Executive,2,2948081,660849.81,204513.09,78056,2160774.1,54,20,3.54,93.61,1.96,7.05,Yes,2.66,Never,61
E1338,26,Other,Finance,Senior Analyst,9,989944,277802.88,75772.47,144153,780521.65,36,28,3.48,98,2.56,5.58,Yes,3.99,Often,17
E1339,47,Male,HR,Senior Analyst,26,988105,224111.76,32966.5,175268,906294.74,44,20,1.48,86.99,7.21,7.49,No,1.38,Sometimes,63
E1340,22,Female,Finance,Manager,16,2910910,256552.36,97252.16,177807,2734912.48,36,21,4.91,18.22,6.81,4.17,Yes,3.05,Often,76
E1341,49,Female,Finance,Analyst,21,2289173,444264.59,52499.24,90102,1882511.17,35,2,1.75,5.57,9.03,3.93,Yes,3.26,Sometimes,29
E1342,58,Other,HR,Executive,1,1714466,345771.38,135292.22,166570,1399972.4,31,4,2.78,58.38,7.6,5.25,Yes,2.98,Sometimes,48
E1343,23,Male,HR,Analyst,16,745101,116260.1,54470.13,86865,661235.77,38,15,2.95,91.35,5.58,8.9,Yes,3.93,Often,40
E1344,36,Female,Marketing,Associate,15,2433783,569775.52,141087.54,172728,1895647.94,51,17,4.25,18.56,9.93,1.36,No,2.54,Rarely,12
E1345,50,Female,Marketing,Analyst,1,1352590,383583.37,118397.12,77695,928304.51,53,25,1.4,1.7,3.39,8.24,No,4.78,Often,33
E1346,22,Other,HR,Analyst,27,1366646,384563.43,115418.19,178972,1045636.38,46,16,2.71,80.74,8.5,4.32,Yes,2.93,Often,99
E1347,37,Female,Operations,Senior Analyst,21,2170785,353208.09,145069.98,127235,1799741.93,34,10,3.51,8.6,4.84,8.69,No,3.28,Sometimes,93
E1348,32,Male,Engineering,Executive,29,1405534,110066.68,125741.46,188773,1358498.86,41,16,1.86,41.96,6.84,8.22,Yes,4.3,Never,24
E1349,55,Other,Marketing,Analyst,19,1883593,557939.65,68689.54,118777,1375740.81,30,15,3.51,68.21,7.55,4.14,Yes,2.1,Sometimes,65
E1350,21,Other,Engineering,Senior Analyst,5,2103649,546369.23,60908.15,29033,1525404.62,39,25,4.69,24.44,6.7,7.24,Yes,1.3,Always,99
E1351,35,Male,Operations,Manager,27,1524665,123750.46,63395.52,151877,1489396.02,40,22,4.99,9.31,2.26,2.44,No,3.83,Often,17
E1352,46,Other,HR,Senior Analyst,24,2594544,727018.4,63740.03,176923,1980708.57,45,1,1.13,77.23,4.99,9.07,No,2.93,Often,4
E1353,57,Female,Operations,Senior Analyst,28,458823,122723.26,28673.48,36832,344258.26,43,3,1.94,63.39,6.05,4.64,No,4.59,Rarely,18
E1354,41,Female,Marketing,Senior Analyst,9,1741578,312978.14,165325.31,125725,1388999.55,37,20,2.24,98.86,8.64,5.1,No,4.93,Sometimes,41
E1355,51,Male,Finance,Analyst,27,798863,158030.17,18491.67,155016,777357.16,53,6,2.6,35.09,4.99,7.35,No,2.6,Rarely,17
E1356,45,Female,HR,Analyst,9,667654,99981.64,19875.25,29873,577670.11,46,1,1.97,7.11,9.27,8.39,Yes,2.66,Often,31
E1357,43,Male,Sales,Manager,7,2976188,189554.63,167190.11,50372,2669815.26,54,29,1.81,73.7,4.96,3.13,Yes,2.63,Sometimes,20
E1358,44,Male,Engineering,Associate,0,2927241,391662.83,277239,99464,2357803.17,47,5,4.82,52.65,5.94,6.95,No,2.3,Sometimes,9
E1359,58,Female,Operations,Associate,12,2632514,660006.44,119233.11,156451,2009725.45,41,16,4.67,22.11,8.17,4.53,No,4.13,Always,36
E1360,48,Male,HR,Associate,23,1792785,91715.31,108604.74,127322,1719786.95,54,6,1.19,78.39,6.25,4.32,No,4.04,Always,48
E1361,41,Female,Operations,Manager,8,1097079,146322.68,25590.28,177823,1102989.04,46,24,2.36,21.17,9.64,7.21,Yes,2.91,Never,85
E1362,38,Other,HR,Associate,21,964076,144170.02,30722.65,110082,899265.33,57,4,2.62,26.81,6.94,4.48,No,1.18,Always,12
E1363,56,Other,Marketing,Associate,9,2617115,482462.27,258912.26,15110,1890850.47,55,4,1.96,10.16,5.7,4.11,Yes,2.24,Sometimes,54
E1364,55,Male,Marketing,Senior Analyst,14,2877913,805711.76,279760.47,195413,1987853.77,43,19,3.52,40.54,1.21,8.52,Yes,2.17,Always,16
E1365,29,Female,Marketing,Analyst,4,1597286,218167.7,32576.96,22087,1368628.34,45,15,3.56,42.47,4.72,1.91,No,4.24,Never,8
E1366,58,Female,Operations,Analyst,21,2618136,357999.47,251720.54,164834,2173249.99,43,18,4.4,51.94,3.69,7.08,Yes,1.35,Often,87
E1367,50,Other,Sales,Senior Analyst,15,2205324,516873.5,156863.8,92617,1624203.7,38,8,3.96,71.19,7.73,3.24,Yes,4.22,Always,43
E1368,54,Other,Marketing,Senior Analyst,12,2661664,433996.25,238041.83,110483,2100108.92,33,4,3.17,90.7,2.87,1.14,No,3.68,Sometimes,77
E1369,52,Female,HR,Senior Analyst,21,2999015,318349.06,169082.03,19596,2531179.91,54,7,3.61,14.64,2.85,2.5,Yes,3.93,Often,45
E1370,23,Male,Marketing,Analyst,24,1586125,258712.66,97146.48,117539,1347804.86,52,8,2.1,6.38,2.71,6.46,No,2.73,Sometimes,7
E1371,23,Other,Finance,Associate,19,1832875,156187.08,108337.07,28313,1596663.85,40,4,3.37,2.83,2.13,7.38,Yes,3.72,Often,36
E1372,48,Male,Marketing,Senior Analyst,17,748982,70476.77,54937.19,123175,746743.04,35,9,2.96,15.22,3.8,1.19,No,3.44,Sometimes,18
E1373,35,Male,Operations,Manager,10,1472622,257107.94,45904.72,124914,1294523.34,44,24,1.53,66.14,8.97,1.33,No,4.08,Always,62
E1374,43,Other,Sales,Senior Analyst,26,2803771,433831.31,62798.55,33705,2340846.14,34,1,1.97,73.02,7.97,9.12,Yes,2.79,Always,91
E1375,31,Male,Finance,Executive,8,1296161,361254.94,57853.36,83445,960497.7,40,8,2.17,78.86,7.62,1.66,No,2.89,Never,45
E1376,52,Male,Operations,Senior Analyst,15,966326,135863.96,73802.63,113892,870551.41,54,10,4.7,25.13,8.18,9.05,Yes,3.57,Often,93
E1377,56,Female,Operations,Analyst,1,949150,185223.86,34310.14,12023,741639,47,3,1.92,31.28,3.42,3.05,Yes,1.43,Never,70
E1378,53,Male,Operations,Senior Analyst,25,418834,87145.15,30941.19,129654,430401.66,59,21,2.16,48.83,8.99,7.66,No,2.74,Rarely,25
E1379,44,Female,HR,Executive,24,1999005,106494.22,195088.82,90073,1787494.96,42,21,2.48,7.26,2.24,3.79,Yes,4.89,Always,45
E1380,59,Other,Operations,Manager,1,2054236,443477.39,56516.26,102197,1656439.35,40,21,3.65,61.5,4.03,8.73,No,1.15,Often,45
E1381,54,Other,HR,Associate,11,584821,55270.84,43164.57,74429,560814.59,43,1,1.47,98.39,6.28,7.3,Yes,2.26,Never,74
E1382,48,Female,Operations,Senior Analyst,7,355609,103221.76,19736.31,114195,346845.93,57,22,4.82,36.72,1.93,4.62,Yes,2.26,Never,13
E1383,57,Other,Engineering,Executive,8,527897,46014.5,47221.12,43848,478509.38,47,28,4.46,75.53,7.57,1.69,No,3.53,Rarely,84
E1384,27,Male,Finance,Executive,11,1274165,195783.14,43540.74,178876,1213717.12,56,5,3.31,50.5,4.49,7.59,Yes,1.42,Never,62
E1385,24,Male,Engineering,Manager,25,1379600,98417.1,104035.74,156451,1333598.16,57,26,3.7,13.65,8.06,6.55,Yes,3.51,Sometimes,71
E1386,57,Male,Operations,Analyst,8,1325715,396678.54,115402.46,37766,851400,54,13,1.07,58.64,5.44,1.03,Yes,1.38,Always,2
E1387,21,Other,Finance,Senior Analyst,9,1738533,305197.3,166150.1,78099,1345284.6,57,0,2.36,30.69,2.63,1.08,Yes,1.38,Never,27
E1388,21,Male,Finance,Executive,24,2581230,513267.92,192714.22,177132,2052379.86,48,17,4.18,4.41,7.61,8.28,Yes,3.91,Never,28
E1389,40,Other,Sales,Manager,1,761243,50827.52,45502.52,79122,744034.96,53,6,1.31,63.86,3.27,3.33,Yes,2.3,Rarely,86
E1390,39,Male,Engineering,Associate,15,2358852,560204.04,163769.86,157159,1792037.1,56,0,2.13,86.03,5.42,6.73,Yes,4.91,Sometimes,17
E1391,49,Female,Sales,Executive,19,2285588,234218.83,204588.46,58868,1905648.71,44,0,3.34,35.13,1.68,5.09,Yes,1.15,Never,34
E1392,30,Other,Finance,Manager,6,551451,151380.78,36202.09,129119,492987.13,38,0,2.03,39.64,6.56,8.77,No,2.78,Always,76
E1393,38,Other,HR,Analyst,27,303051,30694.49,6797.73,164297,429855.78,37,23,4.74,89.21,6.99,9.25,Yes,1.45,Always,75
E1394,48,Male,Finance,Analyst,1,2052683,200489.51,193929.06,105286,1763550.43,49,3,1.52,81.55,4.41,9.97,Yes,2.41,Never,46
E1395,55,Other,Sales,Executive,0,1304646,77153.39,98059.99,16643,1146075.62,57,3,4.19,71.78,9.59,2.38,No,4.99,Sometimes,4
E1396,51,Other,Engineering,Executive,18,1960099,329329.44,145284.64,46727,1532211.92,30,28,3.03,25.63,8.87,8.77,No,4.56,Always,74
E1397,47,Female,Operations,Senior Analyst,27,1271525,243128.66,47369.41,152077,1133103.93,33,17,4,91.11,7.37,3.39,No,1.19,Always,58
E1398,31,Female,Operations,Manager,3,489407,32509.92,35585.19,119079,540390.89,43,26,2.24,16.29,7.42,6.32,Yes,3.25,Sometimes,74
E1399,58,Male,Engineering,Executive,23,749395,182763.88,38600.7,75697,603727.42,54,10,3.06,63.05,3.27,5.55,No,3.59,Sometimes,58
E1400,25,Female,Operations,Senior Analyst,21,1249597,204086.94,90094.24,26029,981444.82,31,26,4.43,3.85,6.91,1.16,No,1.84,Never,46
E1401,28,Male,Operations,Senior Analyst,26,2860046,517947.37,81589.8,155298,2415806.83,45,0,2.87,64.73,2.78,9.39,Yes,1.58,Often,94
E1402,54,Male,Sales,Executive,1,1560386,249959.3,113327.13,169803,1366902.57,32,27,2.44,28.44,2.3,1.7,Yes,4.62,Rarely,94
E1403,32,Male,Engineering,Analyst,24,2470675,371072.57,246951.62,119458,1972108.81,55,9,3.14,45.52,10,7.19,No,4.88,Often,12
E1404,58,Other,Marketing,Manager,13,1443052,274050.12,34426.84,120384,1254959.04,37,8,3.87,35.18,6.6,8.07,No,4.97,Often,77
E1405,21,Female,HR,Manager,1,522866,46435.76,51331.81,78926,504024.43,35,22,2.77,18.1,4.88,8.16,Yes,4.16,Always,88
E1406,51,Male,HR,Analyst,28,1435248,137040.4,75426.07,147069,1369850.53,45,3,4.76,62.58,3.59,2.22,Yes,3.65,Sometimes,32
E1407,24,Female,Operations,Executive,14,1946711,516747.44,174542.65,65506,1320926.91,53,27,2.18,88.32,6.44,5.03,Yes,2.38,Always,96
E1408,25,Male,HR,Manager,11,1693470,485228.04,139865.11,88229,1156605.85,45,5,2.9,95.95,1.45,8.46,Yes,1.69,Rarely,61
E1409,50,Female,Engineering,Executive,4,2425403,347626.53,158527.5,190887,2110135.97,36,29,4.03,20.04,1.85,3.72,Yes,1.32,Never,78
E1410,44,Female,Engineering,Executive,27,1723286,202806.93,136270.45,52092,1436300.62,59,15,3.76,72.02,1.3,5.21,No,3.77,Rarely,15
E1411,23,Male,Finance,Senior Analyst,19,483062,101926.03,43611.44,72539,410063.53,42,1,4.45,66.77,5.49,3.46,Yes,4.14,Always,43
E1412,31,Other,Finance,Analyst,28,2791518,424823.1,146083.56,162889,2383500.34,42,22,4.99,34.99,6.41,5.17,Yes,4.31,Always,57
E1413,24,Female,HR,Executive,6,400235,22551.88,18475.91,178933,538140.21,34,17,2.71,2.89,1.56,8.99,Yes,4.66,Always,5
E1414,46,Other,Marketing,Associate,23,2775648,247138.56,203753.3,23428,2348184.14,54,9,1.44,69.29,7.49,5.1,Yes,4.52,Always,88
E1415,47,Other,Finance,Analyst,20,2201625,504156.84,186318.41,185006,1696155.75,49,23,1.12,94.6,3.07,6,Yes,5,Often,14
E1416,47,Male,Finance,Manager,9,1050201,225510.7,85048.23,151330,890972.07,51,23,3.91,63.58,7.17,4.64,No,1.98,Never,3
E1417,26,Male,Engineering,Senior Analyst,13,1103328,62640.34,92486.57,67775,1015976.09,47,16,4.5,44.09,9.84,5.14,Yes,4.05,Often,55
E1418,35,Male,Marketing,Manager,13,1343233,141701.73,73671.85,15469,1143328.42,44,12,1.88,52.99,7.22,1.14,No,3.35,Always,63
E1419,50,Female,Operations,Manager,4,2574399,277439.63,219922.51,38854,2115890.86,47,23,1.63,20.76,8.95,3.55,Yes,2.04,Sometimes,67
E1420,57,Male,HR,Analyst,17,2011741,438505.59,59581.18,147328,1660982.23,31,17,1.25,75.3,9.53,4.93,No,4.93,Often,93
E1421,57,Male,Finance,Manager,23,829525,45563.85,52723.89,86256,817493.26,39,21,4.29,74.9,5.38,6.7,No,4.59,Always,33
E1422,57,Female,Marketing,Executive,13,1368632,104053.18,28003.16,175009,1411584.66,52,12,2.25,15.41,7.32,5.05,Yes,1.51,Always,90
E1423,55,Female,Marketing,Manager,1,476615,119143.75,21908.5,109134,444696.75,42,16,2.61,87.92,8.67,4.04,Yes,1.1,Never,94
E1424,43,Male,HR,Senior Analyst,25,487628,46147.24,24048.31,142723,560155.45,47,4,3.01,27.65,4.21,4.49,Yes,3.75,Rarely,55
E1425,26,Male,Marketing,Senior Analyst,11,2770784,590693.82,143232.4,191360,2228217.78,44,10,4.36,98.24,3.35,3.18,Yes,3.42,Often,31
E1426,24,Male,Marketing,Associate,21,706716,77417.7,53454.14,94730,670574.16,41,6,3.6,38.91,9.52,9.32,Yes,4.74,Often,8
E1427,38,Male,Marketing,Senior Analyst,23,2843590,212872.14,145263.79,166123,2651577.07,44,28,3.46,18.61,7.54,5.7,No,1.94,Often,62
E1428,29,Other,Finance,Manager,5,841252,93204.87,47022.19,37386,738410.94,42,9,1.7,35.82,2.98,1.12,Yes,1.34,Always,71
E1429,49,Other,HR,Senior Analyst,3,1986293,457973.09,77472.44,157256,1608103.47,47,16,3.05,44.58,5.04,1.18,Yes,2.04,Never,77
E1430,33,Male,Marketing,Analyst,12,2649916,699376.74,132125.19,43787,1862201.07,44,14,3.86,7.86,8.17,9.76,No,1.08,Always,32
E1431,37,Other,Marketing,Senior Analyst,3,2909305,749305.95,111081.83,31621,2080538.22,54,17,4.89,58.24,5.92,2.99,Yes,1.14,Always,86
E1432,52,Female,Finance,Executive,21,2464367,367919.85,63717.87,87984,2120713.28,52,22,1.81,60.17,6.85,8.25,No,4.66,Sometimes,20
E1433,42,Other,HR,Analyst,13,2204050,478325.76,150483.47,186325,1761565.77,40,21,1.04,74.15,7.78,1.52,Yes,2.41,Never,54
E1434,24,Other,Engineering,Associate,15,444356,44989.3,32641.07,44051,410776.63,48,18,1.3,3.89,6.6,9.29,No,2.64,Often,75
E1435,25,Male,Finance,Executive,28,503861,62119.48,35048.18,59811,466504.34,32,29,2.5,54.58,5.86,8.87,Yes,1.07,Rarely,56
E1436,57,Other,HR,Manager,3,655612,179692.73,37422.02,40447,478944.25,36,25,4.28,6.24,7.75,6.14,No,2.08,Often,1
E1437,33,Other,Marketing,Manager,23,309435,16477.56,15590.22,138046,415413.22,50,1,1.03,70.41,7.55,1.08,No,4.22,Always,12
E1438,54,Other,HR,Manager,24,747556,53358.4,66582.34,171326,798941.26,55,25,2.83,6.52,6.67,3.32,Yes,3.46,Never,3
E1439,42,Other,HR,Executive,0,2048014,208839.19,126007.22,94045,1807212.59,43,3,2.32,91.26,4.24,4.66,Yes,4.02,Never,83
E1440,43,Female,Operations,Executive,12,378781,21451.52,22096.02,126859,462092.46,43,2,1.21,70.51,4.65,5.14,Yes,2.79,Never,49
E1441,23,Male,HR,Executive,3,2588627,246848.52,57082.76,198490,2483185.72,51,6,2.8,51.23,9.73,3.68,No,2.24,Sometimes,47
E1442,54,Male,Engineering,Analyst,19,2557348,500627.44,120962.12,155544,2091302.44,42,23,2.02,44.71,2.01,1.3,No,2.93,Often,77
E1443,52,Female,HR,Analyst,17,2623659,407601.53,132273.47,13471,2097255,41,17,2.41,13.94,3.42,6.31,No,2.29,Sometimes,29
E1444,41,Other,Engineering,Manager,5,2703215,738431.64,140312.6,130312,1954782.76,53,9,3.82,29.81,5.43,5.72,Yes,4.36,Rarely,28
E1445,41,Female,Marketing,Senior Analyst,2,1064121,270670.77,70672.31,149401,872178.92,38,6,3.09,87.03,8.53,3.55,Yes,2.19,Always,7
E1446,31,Other,Engineering,Manager,22,2039183,276216.18,127832.72,175937,1811071.1,30,7,1.5,90.54,2.47,1.34,No,3.64,Sometimes,11
E1447,59,Female,Marketing,Associate,12,1469748,168809.17,100872.34,56850,1256916.49,48,5,4.85,1.07,3.49,9.95,Yes,1.55,Sometimes,40
E1448,24,Male,Marketing,Analyst,26,2882115,417685.05,234000.82,64220,2294649.13,40,21,3.54,59.82,1.59,5.34,No,3.75,Always,25
E1449,21,Male,Engineering,Executive,15,1804544,356530.5,153456.36,103808,1398365.14,52,25,4.06,72.21,7.35,7.8,Yes,4.65,Never,49
E1450,48,Male,Finance,Analyst,26,1407677,164720.61,109024.37,147469,1281401.02,51,0,1.32,62.26,3.14,5.07,Yes,3.43,Always,1
E1451,44,Other,Sales,Executive,4,1844548,380045.55,177891.71,176597,1463207.74,52,3,1.19,9.09,4.5,1.39,No,3.24,Often,54
E1452,55,Other,HR,Associate,3,588790,89703.87,12634.61,63072,549523.52,53,13,1.08,22.55,4.99,3.79,Yes,4.84,Always,55
E1453,33,Female,Operations,Associate,20,1190617,223850.04,42460.07,93820,1018126.89,51,16,1.76,25.78,9.02,3.88,Yes,3.51,Never,13
E1454,54,Female,Sales,Analyst,7,2944489,468266.89,60671.28,33284,2448834.83,48,19,2.66,83.34,4.7,8.55,Yes,2.04,Always,5
E1455,31,Male,HR,Executive,18,1708836,211240.22,122690.97,93369,1468273.81,47,17,4.74,46.86,2.31,6.89,Yes,2.17,Sometimes,94
E1456,56,Other,HR,Associate,13,1941249,557358.46,178289.05,35122,1240723.49,41,10,2.83,49.2,5.72,3.48,Yes,3.82,Rarely,80
E1457,37,Female,Marketing,Manager,6,950419,228957.31,37521.2,140349,824289.49,52,28,2.16,93.55,9.67,9.71,No,3.94,Sometimes,88
E1458,55,Other,HR,Manager,13,2830526,240674.8,266530.15,80553,2403874.05,57,20,3.25,64.07,6.47,3.89,Yes,2.21,Rarely,60
E1459,38,Other,Operations,Executive,5,1187225,317127.97,29468.58,104788,945416.45,57,25,1.45,89.97,9.85,9.98,No,2.38,Always,95
E1460,42,Male,HR,Analyst,11,571967,98296.99,54196.67,72812,492285.34,57,13,3.44,46.19,8.57,9.97,Yes,4.96,Often,11
E1461,44,Male,Engineering,Associate,15,491232,134419.77,23642.91,17999,351168.32,56,8,3.27,15.79,1.32,2.72,Yes,1.41,Always,12
E1462,39,Other,Sales,Analyst,16,1652695,413113.95,46463.32,32436,1225553.73,30,26,4.17,93.06,6.93,3.81,No,2.62,Never,18
E1463,57,Other,Engineering,Manager,12,2406692,376174.08,141681.33,52963,1941799.59,48,14,4.95,46.41,3.58,5.37,No,1.25,Always,43
E1464,59,Other,Operations,Associate,22,1889228,105073.81,76593.32,143168,1850728.87,57,11,2,18.98,6.04,6.98,Yes,4.28,Rarely,88
E1465,41,Other,HR,Analyst,13,2949103,345544.45,126191.62,166351,2643717.93,56,9,3.04,30.94,3.51,5.75,Yes,1.37,Sometimes,94
E1466,28,Male,Operations,Senior Analyst,28,1400567,259677.1,62441.75,118899,1197347.15,49,18,4.64,6.03,4.14,9.72,No,3.7,Often,58
E1467,48,Female,Marketing,Executive,6,2585903,538823.46,217841.83,36201,1865438.71,58,23,4.14,47.36,9.31,7.52,No,1.23,Always,36
E1468,25,Male,Engineering,Executive,13,918992,105198.78,58018.63,160787,916561.59,59,18,2.95,85.46,2.86,2.91,No,3.69,Always,24
E1469,37,Female,Engineering,Senior Analyst,14,349115,29618.57,15676.87,170381,474200.56,46,5,4.78,93.42,8.87,1.95,No,4.37,Sometimes,15
E1470,57,Other,Finance,Manager,11,1021747,264359.22,70323.48,156150,843214.3,34,19,1.23,93.33,1.27,7.2,Yes,2.6,Often,37
E1471,56,Female,HR,Associate,16,1497719,443475.41,115761.78,197686,1136167.81,55,23,4.72,13.4,1.82,2.43,Yes,3.09,Always,42
E1472,39,Male,Marketing,Executive,8,2063211,374312.99,86262.69,15105,1617740.32,32,26,1.2,38.82,8.69,8.09,Yes,2.61,Always,86
E1473,47,Male,Engineering,Senior Analyst,21,2338449,217288.26,124134.06,127666,2124692.68,31,5,3.19,3.79,6.68,3.8,Yes,2.2,Rarely,13
E1474,54,Other,Engineering,Senior Analyst,14,836226,98738.92,24878.47,104848,817456.61,32,7,4.56,85.66,7.73,3.94,Yes,4.21,Rarely,5
E1475,31,Male,Marketing,Manager,11,2750976,150196.88,94886.52,12839,2518731.6,37,0,2.05,36.52,2.88,1.1,No,2.09,Never,88
E1476,32,Other,Operations,Manager,1,1352576,376793.46,100752.61,78920,953949.93,45,21,2.89,63.48,5.83,7.31,No,3.89,Sometimes,22
E1477,41,Male,Operations,Analyst,4,1704330,135388.18,58825.07,53619,1563735.75,35,16,2.3,71.77,7.63,2.02,No,1.82,Often,59
E1478,31,Male,HR,Executive,12,551492,107060.66,34199.71,52821,463052.63,42,16,4.81,43.55,6.65,7.96,Yes,2,Always,11
E1479,59,Other,Finance,Analyst,26,1848098,219025.13,141792.92,135736,1623015.95,59,23,4.29,31.34,5.25,5.43,No,2.35,Always,12
E1480,48,Female,Engineering,Senior Analyst,19,791072,149152.28,22585.23,154565,773899.49,52,14,3.84,96.26,9.64,8.06,Yes,3.36,Never,99
E1481,25,Male,Finance,Associate,22,1386880,295204.48,90681.12,27069,1028063.4,57,6,3.35,96.48,7.09,6.26,Yes,2.82,Always,97
E1482,37,Female,Operations,Associate,7,804999,207235.28,32622.6,17531,582672.12,51,18,4.28,29.65,9.17,1.74,Yes,3.98,Sometimes,5
E1483,40,Male,Operations,Manager,26,631593,64173.21,61286.09,178123,684256.7,51,21,2.57,48.48,7.57,7.89,No,1.85,Never,62
E1484,32,Male,Sales,Associate,13,2355723,124261.93,138242.43,148808,2242026.64,45,24,2.79,97.31,7.62,1.63,Yes,1.04,Sometimes,37
E1485,26,Male,HR,Associate,14,2548988,214679.36,215336.99,148782,2267753.65,57,22,3.92,1.48,1.72,5.31,Yes,4.11,Never,49
E1486,37,Male,Sales,Associate,10,408940,112460.41,26179.57,77155,347455.02,45,27,2.43,41.86,4.24,2.55,No,4.29,Always,51
E1487,39,Female,Sales,Senior Analyst,0,1124926,302011.72,26405.39,155047,951555.89,32,2,1.26,10.95,8.73,7.77,Yes,1.24,Never,39
E1488,46,Female,Sales,Associate,20,1614093,321774.73,114039.08,72424,1250703.19,57,29,1.3,51.41,3.09,9.2,No,3.44,Rarely,7
E1489,52,Male,HR,Associate,2,685777,137244.01,65911.58,55603,538224.41,42,29,1.46,3.44,2.04,5.99,Yes,2.51,Often,60
E1490,26,Male,HR,Associate,16,1973250,426733.4,134435.44,164324,1576405.16,43,28,4.48,41.28,3.93,5.74,No,4.18,Always,7
E1491,56,Female,Marketing,Analyst,27,2948790,276722.77,252225.07,142503,2562345.16,37,21,2.89,22.85,2.98,7.88,Yes,4.5,Often,96
E1492,58,Other,Finance,Senior Analyst,18,2229305,621091.03,202279.37,178553,1584487.6,41,10,3.85,53.8,9.33,1.05,Yes,4.4,Always,33
E1493,31,Other,Finance,Manager,13,2946791,455846.85,112704.09,102573,2480813.06,52,19,2.57,99.6,8.81,9.26,No,4.11,Often,78
E1494,53,Female,Marketing,Analyst,21,938873,136873.25,34704.11,150629,917924.64,52,29,2.03,80.25,5.5,2.78,Yes,2.08,Rarely,99
E1495,44,Male,Marketing,Executive,29,365953,65772.52,25206.29,113302,388276.19,51,28,2.39,84.72,1.55,9.86,No,4.25,Often,59
E1496,43,Male,Operations,Senior Analyst,22,2897480,178894.74,153225.34,141234,2706593.92,50,18,4.18,63.89,7.43,7.63,Yes,3.13,Never,56
E1497,35,Other,Sales,Senior Analyst,7,303267,27770.41,26441.52,175814,424869.07,55,8,3.5,5.11,6.61,7.97,No,1.21,Often,98
E1498,47,Other,Marketing,Executive,12,2479897,581556.69,228155.11,29675,1699860.2,37,9,4.75,21.47,9.73,6.91,Yes,2.83,Always,45
E1499,31,Female,Engineering,Executive,26,2224596,157278.2,107389.5,83997,2043925.3,50,1,3.72,92.58,6.03,5.24,Yes,4.77,Sometimes,21
E1500,37,Other,Finance,Executive,19,457164,91793.06,17806.38,158087,505651.56,54,0,3.28,37.25,4.03,6.14,Yes,4.55,Often,86
E1501,34,Female,Marketing,Manager,2,835626,93036.32,68890.71,191129,864827.97,38,29,3.44,11.26,5.67,1.42,No,1.41,Often,39
E1502,47,Other,Engineering,Associate,4,2528636,372528.53,106163.47,173663,2223607,30,15,4.77,70.54,9.81,6.62,No,3.98,Often,44
E1503,38,Other,Engineering,Senior Analyst,8,831831,101627.65,71378.71,150905,809729.64,35,17,4.15,30.65,7.27,6.63,No,4.22,Always,54
E1504,48,Other,Engineering,Associate,28,816771,113464.34,44023.19,17896,677179.47,52,22,1.1,27.62,7.05,9.02,No,2.09,Often,50
E1505,24,Male,Operations,Associate,5,2960196,680139,217290.2,174044,2236810.8,48,25,3.14,99.8,3.17,5.55,No,2.89,Always,85
E1506,27,Male,Operations,Executive,24,2940328,365425.22,81278.97,59733,2553356.81,52,16,3.75,85.96,7.69,1.69,Yes,3.84,Always,4
E1507,55,Male,Engineering,Manager,21,991095,189894.95,69286.21,51800,783713.84,40,5,3.99,41.39,7.75,3.76,Yes,2.76,Sometimes,94
E1508,29,Other,Operations,Analyst,1,1133727,191614.15,63649.04,106044,984507.81,40,13,1.85,98.05,3.86,6.9,Yes,1.45,Never,12
E1509,28,Female,Sales,Manager,12,1462928,315872.18,97911.84,15347,1064490.98,52,22,4.47,65.36,5.35,3.15,Yes,3.82,Always,27
E1510,37,Female,Engineering,Associate,4,1169474,332373.21,39108.54,143715,941707.25,59,24,4.82,74.46,3.65,3.52,Yes,4.65,Rarely,83
E1511,37,Female,Sales,Manager,27,2483151,578929.33,196044.52,50785,1758962.15,42,14,1.95,4.12,3.33,8.38,No,3.61,Often,96
E1512,53,Female,Sales,Executive,26,370640,38448.38,32995.77,28681,327876.85,40,13,4.53,13.04,1.23,6.26,Yes,4.1,Rarely,79
E1513,52,Male,Engineering,Analyst,24,496582,28700.35,18541.97,191098,640437.68,47,23,1.39,63.68,3.57,5.58,No,2.43,Often,61
E1514,28,Male,Finance,Executive,7,2300991,265916.35,63638.89,113864,2085299.76,52,21,1.22,90,5.99,3.87,Yes,1.73,Sometimes,92
E1515,39,Other,Engineering,Analyst,22,700573,139252.53,15336.3,156964,702948.17,44,2,1.52,62.75,1.01,7.58,No,3.57,Always,86
E1516,58,Other,Engineering,Associate,0,1774271,111524.38,126607.93,57299,1593437.69,30,23,1.23,14.27,3.55,3.59,No,2.31,Never,23
E1517,23,Female,Operations,Analyst,19,361476,62929.92,24785.51,27073,300833.57,50,22,4.38,12.46,8.93,7.63,No,4.44,Always,97
E1518,25,Male,Engineering,Analyst,11,1655531,329799.51,105516.58,112304,1332518.91,54,18,1.24,84.57,6.34,1.63,Yes,1.49,Often,6
E1519,33,Female,Finance,Analyst,22,1515856,202459.2,58444.99,40682,1295633.81,36,24,2.09,14.79,6.47,8.78,Yes,2.73,Never,37
E1520,51,Other,Operations,Manager,10,975510,236783.64,50016.82,134302,823011.54,52,11,1.42,52.5,4.63,5.5,Yes,2.59,Always,36
E1521,36,Other,HR,Manager,6,2811720,215517.11,189954.48,155361,2561609.41,56,1,2.18,4.67,7.09,4.95,Yes,4.75,Never,67
E1522,52,Female,HR,Associate,14,1198320,82425.78,71589.25,125359,1169663.97,42,2,1.36,8.99,2.71,6.5,No,1.61,Often,97
E1523,42,Other,Sales,Analyst,21,934736,216902.86,92560.21,148999,774271.93,41,17,3.67,67.56,8.37,6.62,No,1.04,Sometimes,41
E1524,49,Female,Sales,Senior Analyst,23,1887261,328143.41,58345.01,189402,1690174.58,47,28,1.53,69.23,2.05,2.19,No,1.95,Sometimes,85
E1525,42,Male,Finance,Associate,10,2307635,512527.12,174483.89,76707,1697330.99,53,0,4.41,34.81,6.9,7.81,No,4.28,Always,4
E1526,23,Female,Marketing,Analyst,28,1526607,242282.96,79911.01,75428,1279841.03,48,19,4.27,22.35,4.07,3.48,Yes,1.84,Rarely,63
E1527,30,Male,HR,Analyst,21,366234,40871.9,19870.38,60601,366092.72,44,20,1.05,81.56,7.73,9.14,No,1.96,Often,49
E1528,41,Male,Sales,Manager,25,1912818,487339.31,148067.07,143611,1421022.62,37,28,4.58,22.49,5.95,8.36,Yes,1.52,Always,86
E1529,36,Other,HR,Associate,15,2575504,643499.9,194179.85,121487,1859311.25,48,5,1.12,54.66,5.07,4.12,No,3.86,Always,14
E1530,32,Other,Finance,Analyst,2,709995,158807.51,70502.84,163741,644425.65,39,4,1.96,96.85,2.52,8.27,No,1.28,Sometimes,94
E1531,22,Other,Finance,Analyst,19,2592156,305968.46,78468.56,161716,2369434.98,36,0,1.13,15.64,6.73,4.21,No,2.32,Never,72
E1532,44,Female,Marketing,Associate,13,766152,151359.2,21704.15,159817,752905.65,47,18,2.34,94.15,9.77,1.91,Yes,2.13,Often,52
E1533,55,Female,Marketing,Senior Analyst,2,2290546,321234.13,178541.43,38228,1828998.44,45,0,3.06,19.11,8.43,9.66,Yes,3.22,Never,24
E1534,50,Other,Operations,Associate,0,2303019,167879.76,152623.26,175593,2158108.98,49,26,4.19,57.18,1.54,6.87,No,3.92,Often,88
E1535,50,Female,Finance,Associate,25,2073832,579280.16,86961.69,132788,1540378.15,56,20,2.35,38.32,4.39,5.1,No,3.13,Rarely,84
E1536,55,Other,Sales,Senior Analyst,20,351934,29634.48,9274.71,107239,420263.81,35,20,3.82,96.53,9.33,4.58,No,4.72,Sometimes,8
E1537,39,Female,HR,Associate,14,2068831,594911.67,55553.62,36928,1455293.71,56,15,1.75,28.08,5.53,3.92,Yes,4.81,Rarely,37
E1538,28,Male,Engineering,Analyst,0,725523,117173.01,66410.94,28322,570261.05,38,11,4,40.57,6.96,9.83,Yes,2.45,Always,21
E1539,46,Male,Marketing,Associate,16,1140530,109813.91,40317.04,198786,1189185.05,50,26,1.94,98.3,9.21,2.21,Yes,4.11,Sometimes,86
E1540,27,Other,Engineering,Senior Analyst,1,305486,56660.09,14012.56,97896,332709.35,42,28,1.57,54.11,8.86,3.83,No,3.96,Always,48
E1541,50,Female,Sales,Executive,28,1487983,399131.29,56740.53,72292,1104403.18,54,21,1.74,50.76,5.52,5.37,Yes,4.57,Rarely,67
E1542,27,Female,Marketing,Associate,19,1173332,273452.32,56788.92,39055,882145.76,50,7,1.73,26.52,4.94,5.3,No,2.79,Often,92
E1543,23,Male,Engineering,Manager,5,1339458,337061.6,34228.39,52891,1021059.01,55,25,3.05,70.43,4.06,5.24,Yes,3.12,Always,14
E1544,21,Male,Sales,Analyst,7,2617336,561931.16,161031.03,91912,1986285.81,37,15,4.38,2.42,7.47,2.58,No,2.66,Never,64
E1545,56,Other,HR,Analyst,28,2109891,470651.57,53610.23,147660,1733289.2,45,27,1.32,5.9,3.58,2.3,No,4.4,Often,53
E1546,45,Male,Sales,Manager,15,2719862,713416.85,228545.98,100536,1878435.17,42,0,3.83,60.34,3.25,3.29,Yes,1.92,Often,29
E1547,57,Other,Operations,Manager,18,497775,55958.37,19262.38,16304,438858.25,42,3,3.62,34.83,4.21,9.23,No,1.96,Rarely,92
E1548,21,Male,Marketing,Associate,0,2686488,463032.97,169788.6,17345,2071011.43,46,9,4.49,95.38,2.59,2.02,No,2.49,Rarely,19
E1549,35,Male,Finance,Manager,2,1087494,114515.69,98316.34,170372,1045033.97,52,10,1.98,90.42,7.26,7.82,No,1.92,Sometimes,32
E1550,57,Female,HR,Executive,27,1956940,581048.76,141037.04,165331,1400185.2,49,16,2.8,71.66,6.55,7.82,Yes,3.24,Sometimes,99
E1551,33,Male,Engineering,Senior Analyst,2,1438356,411391.15,90093.76,101006,1037877.09,34,24,4.7,82,5.35,8.29,No,1.54,Never,85
E1552,28,Male,Marketing,Manager,4,1501193,89856.46,68974.86,156424,1498785.68,51,26,3.64,67.07,4.51,8.98,Yes,2.28,Often,76
E1553,25,Other,Finance,Manager,26,2943129,666306.14,137267.99,139350,2278904.87,50,22,2.56,13.43,9.18,3.37,Yes,4.65,Never,6
E1554,29,Male,Sales,Executive,11,1189465,334610.87,87495.8,174437,941795.33,57,6,1.53,76.79,1.26,3.02,No,2.64,Never,7
E1555,21,Other,Finance,Analyst,11,833636,79315.33,82972.75,29446,700793.92,46,11,2.05,21.81,7.92,5.19,Yes,3.99,Rarely,27
E1556,56,Male,Marketing,Analyst,19,338102,64910.95,24663.57,12336,260863.48,57,20,3.32,33.02,9.12,3.39,No,1.45,Never,44
E1557,55,Male,Marketing,Associate,12,374460,104426.44,24198.61,72032,317866.95,38,6,3.87,82.1,5.02,7.61,Yes,1.99,Never,72
E1558,22,Other,Operations,Executive,19,1713354,100208.07,134416.12,107852,1586581.81,31,11,1.5,54.12,5.96,6.72,No,4.23,Always,88
E1559,43,Female,Operations,Senior Analyst,8,2076203,465806.66,118792.96,148593,1640196.38,54,14,3.4,86.13,9.5,8.87,Yes,4.05,Sometimes,79
E1560,29,Other,Finance,Senior Analyst,6,2576360,320337.52,63923.07,164553,2356652.41,55,1,3.2,22.09,2.91,1.74,No,2.54,Sometimes,73
E1561,54,Other,Sales,Executive,3,513945,144469.45,33398.07,28474,364551.48,47,13,3.06,61.17,5.68,9.24,No,4.82,Often,10
E1562,34,Other,Finance,Senior Analyst,18,531915,155725.86,51388.32,187832,512632.82,38,12,3.76,9.3,5.27,3.64,No,4.64,Sometimes,30
E1563,24,Female,Marketing,Analyst,21,2605276,745282.51,88642.52,65718,1837068.97,35,3,4.35,64.66,3.33,5.42,No,4.85,Often,11
E1564,50,Male,Marketing,Senior Analyst,18,2834629,477786.79,213165.21,54629,2198306,40,13,2.29,76.49,8.37,4.95,Yes,2.71,Always,94
E1565,51,Other,Engineering,Senior Analyst,5,825830,219266.67,29791.57,55232,632003.76,54,13,4.56,58.91,9.1,7.84,Yes,1.79,Sometimes,77
E1566,58,Other,Operations,Executive,26,1632397,426279.83,102622.62,96544,1200038.55,58,15,1.64,27.36,8.04,4.78,No,3.51,Always,50
E1567,31,Female,Engineering,Executive,12,2436233,316162.43,67566.77,60669,2113172.8,35,6,1.69,4.1,2.76,9.49,Yes,3.74,Sometimes,43
E1568,55,Other,HR,Senior Analyst,10,1018216,261914.55,57050.31,79184,778435.14,35,18,2.07,12.83,1.78,9.12,No,1.5,Sometimes,95
E1569,28,Male,Marketing,Manager,12,2752401,163085.01,221549.2,189017,2556783.79,42,1,1.48,62.61,6.45,8.85,No,4.15,Always,49
E1570,23,Female,Engineering,Executive,12,1568506,312238.52,74983.56,23140,1204423.92,40,9,1.92,93.51,1.51,1.64,Yes,1.07,Never,16
E1571,34,Male,Finance,Associate,27,1105497,118843.37,80914.57,136468,1042207.06,43,17,1.43,21.45,7.06,8.69,Yes,2.93,Never,34
E1572,33,Male,Operations,Associate,24,817313,65500.87,68356.79,93457,776912.34,31,28,4.29,73.77,5.77,8.03,No,2.32,Never,0
E1573,52,Female,Operations,Analyst,21,1563108,108226.94,147204.49,24357,1332033.57,37,16,1.56,86.78,6.97,1.93,Yes,3.96,Never,28
E1574,54,Other,Sales,Senior Analyst,27,1637682,366959,63495.17,121672,1328899.83,32,4,3.99,52.57,6.31,1.97,No,2.25,Sometimes,50
E1575,39,Male,Finance,Manager,19,1376871,185834.55,71521.94,78673,1198187.51,52,11,1.19,67.26,4.8,1.91,Yes,4.31,Rarely,63
E1576,58,Male,Sales,Analyst,14,1362383,314971.63,43859.58,131673,1135224.79,50,5,4.79,81.69,2.81,1.1,Yes,3.38,Always,3
E1577,36,Male,Engineering,Senior Analyst,20,2554656,169473.54,253929.43,75633,2206886.03,32,21,3.84,26.81,3.75,5.94,Yes,4.18,Rarely,86
E1578,22,Male,HR,Executive,12,2349365,302651.27,221216.39,106111,1931608.34,30,8,1.03,30.39,5.72,9.76,Yes,4.96,Rarely,27
E1579,37,Female,Finance,Associate,21,1586643,293327.17,100270.4,88258,1281303.43,53,19,4.06,1.06,6.87,4.95,Yes,3.72,Often,15
E1580,54,Female,Finance,Manager,10,1833584,454143.54,160186.78,153996,1373249.68,48,0,3.06,96.35,8.02,5.87,No,4.94,Never,62
E1581,36,Male,Finance,Associate,18,2306342,299105.17,142247.42,79286,1944275.41,47,21,4.12,91.84,7.9,9.71,Yes,1.12,Sometimes,75
E1582,58,Other,Sales,Executive,7,694540,143403.65,48539.22,103269,605866.13,46,14,3.09,76.69,9.75,3.3,Yes,2.35,Never,52
E1583,22,Male,Engineering,Senior Analyst,19,2226275,604421.28,60398.74,84071,1645525.98,49,20,3.56,8.83,3.57,8.73,No,1.43,Never,84
E1584,22,Other,Finance,Executive,7,2915075,594575.6,234435.09,198398,2284462.31,58,25,4.15,45.3,1.64,5.92,No,2.05,Rarely,16
E1585,46,Male,Finance,Executive,9,1515557,164043.69,45795.71,40651,1346368.6,53,5,2.62,11.09,4.11,6.13,No,4.36,Often,39
E1586,33,Other,Operations,Associate,25,1044699,58607.82,89933.34,80202,976359.84,42,18,1.01,2.58,7.69,4.09,Yes,1.13,Never,12
E1587,51,Male,HR,Manager,15,2417022,646613.13,199554.77,58777,1629631.1,32,17,4.4,62,4.94,6.05,Yes,3.08,Always,51
E1588,54,Other,Operations,Executive,18,1252082,69261.86,96034.16,158066,1244851.98,59,5,2.52,96.12,8.36,1.66,No,3.27,Always,57
E1589,59,Male,Operations,Associate,25,548683,147417.63,12560.91,77263,465967.46,30,12,2.98,90.38,5.94,7.88,No,3.24,Never,95
E1590,23,Male,HR,Manager,22,326790,59552.34,14460.55,110158,362935.11,33,0,1.03,69.98,9.37,3.56,No,2.9,Rarely,36
E1591,28,Other,Engineering,Senior Analyst,10,1991738,567181.1,81758.86,20800,1363598.04,54,22,2.97,10.57,9.53,8.99,No,4.16,Rarely,78
E1592,43,Female,Operations,Senior Analyst,12,748345,186858.61,36527.4,47823,572781.99,42,22,4.95,28.14,1.62,4.31,Yes,1.53,Sometimes,75
E1593,34,Other,Engineering,Analyst,27,1049074,314180.38,28336.98,73878,780434.64,46,25,2.11,32.69,5.11,2.29,Yes,2.24,Often,60
E1594,47,Female,Operations,Associate,8,2179490,300067.72,206957.02,28708,1701173.26,57,12,2.58,76.55,6.49,7.26,Yes,3.46,Rarely,78
E1595,49,Male,Marketing,Manager,19,2926188,707543.69,188166.12,153891,2184369.19,59,6,3.75,80.42,3.3,2.48,Yes,3.76,Sometimes,33
E1596,59,Other,HR,Executive,23,1090141,164047.39,48447.99,73870,951515.62,40,14,4.26,39.13,4.66,7.78,Yes,2.62,Always,69
E1597,59,Other,Operations,Senior Analyst,18,2848167,484099.83,147416.91,19283,2235933.26,31,11,2.67,42.37,7.1,9.71,No,4.5,Always,16
E1598,21,Other,Marketing,Manager,15,1754908,363048.99,97882.11,171645,1465621.9,54,26,2.24,5.41,3.04,8.02,Yes,2.66,Always,19
E1599,37,Female,Sales,Associate,6,2553694,685460.7,173772.61,88707,1783167.69,45,25,4.75,29.62,6.42,1.2,No,2.61,Never,72
